inspection_id,component_id,task_id,floor_zone,component_type,inspection_round,install_time,inspection_time,record_created_time,vertical_deviation_value,deviation_unit,grout_strength_mpa,inspector_team,result_recorded,rework_flag,revision_flag,source_system
QI-0317,CMP-0266,TSK-027,F06-C,slab,1,2025-05-30 11:00,2025-05-30 21:29,2025-05-31 07:55,9.61,mm,52.7,TEAM_C,fail,true,false,quality_system
QI-0288,CMP-0243,TSK-025,F03-A,column,1,2025-04-06 11:30,2025-04-06 09:30,2025-04-07 04:34,3.68,mm,46.1,TEAM_C,pass,false,false,site_tablet
QI-0226,CMP-0189,TSK-019,F09-A,slab,2,2025-08-19 09:45,2025-08-22 16:44,2025-08-22 18:40,3.41,mm,50.7,TEAM_C,pass,true,false,quality_app
QI-0145,CMP-0121,TSK-013,F01-A,wall_panel,1,2025-03-05 15:15,2025-03-06 04:33,2025-03-07 19:51,1.93,mm,55.2,TEAM_B,pass,false,false,quality_app
QI-0151,CMP-0125,TSK-013,F05-A,slab,2,2025-06-05 12:15,2025-06-10 16:32,2025-06-10 19:34,3.76,mm,45.7,TEAM_A,pass,false,false,site_tablet
QI-0171,CMP-0142,TSK-015,F02-C,stair,1,2025-08-07 08:45,2025-08-07 18:36,2025-08-08 06:44,1.88,mm,53.4,TEAM_C,pass,0,false,quality_system
QI-0031,CMP-0027,TSK-003,F07-C,slab,2,2025-13-40 25:61,2025-03-14 15:03,2025-03-14 23:01,3.29,mm,58.5,TEAM_A,pass,true,false,site_tablet
QI-0239,CMP-0202,TSK-021,F02-C,wall_panel,1,2025-08-15 07:00,2025-08-15 14:42,2025-08-16 03:08,1.77,mm,53.1,TEAM_A,--,false,false,quality_system
QI-0109,CMP-0092,TSK-010,F02-A,column,1,2025-04-19 14:00,20-04-2025 05:22,2025-04-21 13:24,0.65,mm,38.0,TEAM_A,fail,true,false,quality_app
QI-0130,CMP-0109,TSK-011,F09-B,beam,1,2025-08-23 13:15,24-08-2025 09:08,2025-08-25 17:51,1.77,mm,48.4,TEAM_A,pass,false,false,site_tablet
QI-0167,CMP-0139,TSK-014,F09-B,beam,1,2025-08-14 12:00,2025-08-15 07:56,2025-08-16 00:26,2.30,mm,50.9,TEAM_C,pass,0,false,site_tablet
QI-0246,CMP-0208,TSK-021,F08-C,column,1,2025-04-26 10:15,2025-04-26 12:10,2025-04-27 17:41,5.29,mm,38.2,TEAM_A,fail,1,false,quality_system
QI-0170,CMP-0141,TSK-015,F01-C,beam,1,2025-06-23 10:15,2025-06-23 11:56,2025-06-23 17:06,5.80,mm,44.0,TEAM_B,fail,true,false,site_tablet
QI-0274,CMP-0231,TSK-024,F01-C,wall_panel,1,2025-03-08 10:45,2025-03-08 22:37,2025年03月10日 09:50,4.16,mm,60.9,TEAM_A,pass,false,false,quality_app
QI-0069,CMP-0058,TSK-006,F08-C,column,1,2025-05-28 13:15,2025-05-28 18:41,2025-06-03 05:41,3.02,mm,39.8,TEAM_B,fail,true,false,quality_system
QI-0079,CMP-0066,TSK-007,F06-A,stair,1,2025-05-01 13:45,not_a_time,2025-05-02 07:04,5.33,mm,53.4,TEAM_B,fail,true,false,site_tablet
QI-0050,CMP-0041,TSK-005,F01-B,column,2,2025-04-15 15:30,18-04-2025 20:57,2025-04-18 21:55,3.10,mm,50.3,TEAM_C,pass,true,false,quality_app
QI-0302,CMP-0252,TSK-026,F02-B,slab,1,2025-03-14 10:30,2025-03-14 21:00,2025-03-15 15:42,2.95,mm,48.2,TEAM_A,pass,false,false,quality_app
QI-0113,CMP-0095,TSK-010,F05-A,wall_panel,1,2025/07/25 15:15,2025-07-26 07:10,2025-07-27 03:53,5.42,mm,37.4,TEAM_A,fail,true,false,site_tablet
QI-0183,CMP-0153,TSK-016,F03-A,wall_panel,2,2025-06-06 15:30,2025-06-10 18:44,2025-06-11 04:58,1.55,毫米?,47.7,TEAM_B,pass,true,false,quality_system
QI-0243,CMP-0205,TSK-021,F05-C,column,1,2025-04-10 10:45,2025-04-10 13:12,2025-04-11 15:31,3.27,mm,54.1,TEAM_C,pass,false,false,quality_system
QI-0300,CMP-0250,TSK-025,F10-A,column,2,2025-08-09 16:00,2025-08-14 22:14,2025-08-15 08:37,3.24,mm,49.9,TEAM_A,pass,true,false,site_tablet
QI-0209,CMP-0175,TSK-018,F05-C,slab,1,2025-05-21 07:15,2025-05-21 17:47,2025-05-21 19:31,4.26,mm,52.8,TEAM_C,pass,false,false,site_tablet
QI-0283,CMP-0240,TSK-024,F10-C,wall_panel,1,2025/08/15 07:30,2025-08-16 01:44,2025-08-17 13:46,4.13,mm,48.6,TEAM_B,pass,false,false,site_tablet
QI-0054,CMP-0045,TSK-005,F05-B,column,1,2025-03-23 16:15,2025-03-24 11:53,2025-03-24 15:16,1.30,mm,42.2,TEAM_C,pass,false,false,quality_app
QI-0184,CMP-0154,TSK-016,F04-A,wall_panel,1,2025-06-23 16:45,2025-06-23 21:19,2025-06-24 10:48,3.08,mm,39.5,C班,fail,true,false,quality_system
QI-0127,CMP-0107,TSK-011,F07-B,wall_panel,1,2025-07-24 08:00,2025-07-24 19:20,2025-07-25 13:41,0.292,cm,47.8,TEAM_C,pass,false,false,site_tablet
QI-0023,CMP-0020,TSK-002,F10-B,wall_panel,2,2025-08-28 14:15,2025-08-31 18:53,2025-09-02 04:37,2.65,mm,53.1,临时班,pass,true,false,site_tablet
QI-0080,CMP-0067,TSK-007,F07-A,wall_panel,1,2025-08-05 07:00,2025-08-05 15:28,2025-08-05 18:57,2.55,mm,35.9,TEAM_C,pass,true,false,site_tablet
QI-0082,CMP-0068,TSK-007,F08-A,beam,1,2025-08-05 12:00,2025-08-05 22:44,2025-08-06 09:24,4.74,mm,49.3,TEAM_A,pass,false,false,quality_app
QI-0100,CMP-0085,TSK-009,F05-C,slab,1,2025-05-07 07:45,2025-05-08 03:27,2025-05-09 07:11,1.42,mm,50.4,A班,pass,false,false,site_tablet
QI-0343,CMP-0289,TSK-029,F09-B,wall_panel,1,2025-03-17 16:45,2025-03-17 22:18,2025-03-19 17:38,4.14,unknown_unit,41.1,TEAM_B,pass,false,false,site_tablet
QI-0223,CMP-0188,TSK-019,F08-A,beam,1,2025-05-29 13:00,2025-05-29 18:24,2025-05-30 22:02,3.35,mm,45.4,TEAM_B,pass,false,false,quality_app
QI-0055,CMP-0046,TSK-005,F06-B,column,1,2025-06-21 13:45,2025-06-22 02:15,2025-06-23 21:40,3.56,mm,59.2,TEAM_B,pass,false,false,quality_system
QI-0036,CMP-0031,TSK-004,F01-A,beam,1,2025-05-30 13:30,2025-05-30 17:28,2025-06-01 07:42,2.46,mm,46.7,TEAM_A,待定,false,false,site_tablet
QI-0168,CMP-0140,TSK-014,F10-B,slab,1,2025-04-11 11:00,11-04-2025 15:52,2025-04-12 04:14,4.91,mm,39.0,TEAM_C,fail,true,false,site_tablet
QI-0304,CMP-0253,TSK-026,F03-B,beam,2,2025-06-12 11:00,2025-06-17 14:30,2025-06-17 15:12,1.57,mm,52.2,TEAM_C,pass,true,false,quality_app
QI-0059,CMP-0050,TSK-005,F10-B,stair,1,2025-03-04 10:30,2025-03-05 03:34,2025-03-05 22:50,0.015,cm,49.7,TEAM_B,pass,false,false,quality_app
QI-0001,N/A,TSK-001,F01-A,wall_panel,1,2025-05-09 07:30,2025-05-09 19:53,2025-05-11 05:16,1.59,mm,38.4,TEAM_C,fail,true,false,quality_app
QI-0016,CMP-0014,TSK-002,F04-B,wall_panel,1,2025-07-13 12:00,2025-07-13 19:31,2025-07-15 13:46,0.403,cm,41.7,TEAM_C,pass,false,false,site_tablet
QI-0158,CMP-0132,TSK-014,F02-B,wall_panel,1,2025-07-08 09:30,2025-07-08 15:07,2025-07-09 01:24,2.70,mm,41.8,TEAM_C,合格,false,false,site_tablet
QI-0323,CMP-0271,TSK-028,F01-A,column,1,2025-03-24 16:30,2025-03-25 07:42,2025-03-26 23:10,0.500,cm,51.6,TEAM_C,fail,true,false,site_tablet
QI-0310,CMP-0259,TSK-026,F09-B,slab,1,2025-03-19 08:15,2025-03-19 09:16,2025年03月20日 22:05,3.54,mm,45.6,TEAM_C,pass,false,false,site_tablet
QI-0147,CMP-0122,TSK-013,F02-A,wall_panel,1,2025/06/13 09:30,2025-06-13 15:07,2025-06-14 10:10,4.21,mm,53.7,TEAM_A,pass,false,false,site_tablet
QI-0324,CMP-0271,TSK-028,F01-A,column,2,2025-03-24 16:30,2025-03-31 00:11,2025-04-05 18:11,2.77,mm,41.6,TEAM_B,pass,true,false,site_tablet
QI-0117,CMP-0099,TSK-010,F09-A,beam,1,2025-04-24 12:45,2025-04-25 05:50,2025-04-25 09:14,3.05,mm,48.6,TEAM_B,pass,N,false,quality_system
QI-0028,CMP-0025,TSK-003,F05-C,beam,1,2025-07-28 15:45,2025-07-28 20:56,2025-07-28 23:24,1.70,mm,46.4,TEAM_B,pass,false,false,site_tablet
QI-0122,CMP-0102,TSK-011,F02-B,wall_panel,1,2025-03-20 16:15,2025-03-20 19:40,2025-03-21 02:31,0.430,cm,44.8,TEAM_C,pass,false,false,quality_app
QI-0021,CMP-0019,TSK-002,F09-B,wall_panel,1,2025-05-17 09:15,2025-05-17 22:20,2025-05-18 10:45,3.29,mm,43.3,TEAM_A,通过,false,false,quality_app
QI-0111,CMP-0093,TSK-010,F03-A,wall_panel,1,2025-08-24 07:00,2025-08-24 13:55,2025-08-24 15:10,4.15,mm,45.3,TEAM_B,pass,false,false,quality_system
QI-0087,CMP-0072,TSK-008,F02-B,beam,2,2025-07-12 15:00,2025-07-17 19:03,2025-07-19 12:23,3.62,mm,44.7,TEAM_C,通过,true,false,site_tablet
QI-0175,CMP-0146,TSK-015,F06-C,column,1,2025-06-07 14:45,2025-06-07 18:54,2025-06-08 06:02,2.54,mm,47.7,TEAM_B,pass,false,false,site_tablet
QI-0256,CMP-0215,TSK-022,F05-A,column,2,2025-04-18 08:15,2025-04-24 11:22,2025-04-24 23:35,2.89,mm,45.7,team_a,pass,true,false,quality_system
QI-0129,CMP-0108,TSK-011,F08-B,wall_panel,1,2025-05-11 09:15,2025-05-12 01:35,2025-05-13 05:52,4.39,mm,54.3,TEAM_C,pass,false,false,quality_app
QI-0237,CMP-0200,TSK-020,F10-B,slab,1,2025-08-17 12:30,2025-08-18 05:45,2025-08-18 15:29,2.88,mm,49.8,TEAM_A,pass,false,false,quality_app
QI-0063,CMP-0053,TSK-006,F03-C,column,1,2025-08-13 09:15,2025-08-13 19:30,2025-08-14 04:32,1.79,mm,53.8,team_b,pass,false,false,quality_app
QI-0249,CMP-0210,TSK-021,F10-C,column,2,2025/08/20 14:45,2025-08-26 17:31,2025-08-27 09:28,2.30,mm,57.1,TEAM_B,pass,true,false,site_tablet
QI-0267,CMP-0224,TSK-023,F04-B,beam,1,2025-06-18 09:45,2025-06-18 23:02,2025-06-20 17:04,4.36,mm,50.2,TEAM_X,pass,false,false,quality_system
QI-0095,CMP-0080,TSK-008,F10-B,slab,1,2025-08-06 13:15,2025-08-06 16:56,2025-08-08 09:21,4.22,mm,37.2,TEAM_B,pass,true,false,quality_app
QI-0197,CMP-0166,TSK-017,F06-B,wall_panel,1,2025-04-23 15:15,2025-04-23 10:15,2025-04-24 08:26,3.72,mm,42.0,TEAM_B,pass,false,false,quality_system
QI-0358,CMP-0299,TSK-030,F09-C,slab,2,2025-04-18 10:45,2025-04-20 18:37,2025-04-21 21:21,2.56,mm,46.7,TEAM_C,pass,false,false,quality_system
NA,CMP-0251,TSK-026,F01-B,stair,1,2025-06-24 07:45,2025-06-24 23:30,2025-06-25 11:11,4.52,mm,41.8,TEAM_A,pass,false,false,site_tablet
QI-0047,CMP-0039,TSK-004,F09-A,column,1,2025-05-08 10:45,2025-05-08 23:51,2025-05-10 11:00,5.20,mm,48.1,TEAM_C,fail,Y,false,quality_app
QI-0146,CMP-0121,TSK-013,F01-A,wall_panel,2,2025-03-05 15:15,2025-03-11 21:53,2025-03-12 21:11,4.08,mm,50.0,TEAM_C,pass,true,false,quality_app
QI-0293,CMP-0246,TSK-025,F06-A,column,1,2025-07-12 08:15,2025-07-12 11:17,2025-07-13 22:47,4.90,mm,55.6,team_b,pass,false,false,site_tablet
QI-0173,CMP-0144,TSK-015,F04-C,stair,1,2025-06-20 13:30,2025-06-20 15:04,31/31/2025,5.06,mm,47.9,TEAM_C,fail,true,false,site_tablet
QI-0035,CMP-0030,TSK-003,F10-C,stair,,2025-05-04 09:15,2025-05-08 16:57,2025-05-09 02:28,2.36,mm,57.7,TEAM_B,pass,true,false,quality_app
QI-0207,CMP-0173,TSK-018,F03-C,column,1,2025-06-11 11:45,12-06-2025 03:18,2025-06-13 17:16,4.30,mm,50.8,TEAM_A,pass,false,false,quality_system
QI-0290,CMP-0244,TSK-025,F04-A,stair,1,2025-06-17 10:00,2025-06-18 01:48,2025-06-19 13:21,2.12,mm,49.9,TEAM_A,pass,false,false,site_tablet
QI-0013,CMP-0011,TSK-002,F01-B,slab,1,2025-05-26 14:15,26-05-2025 23:23,2025-05-28 02:09,1.27,mm,61.1,TEAM_B,pass,false,false,quality_app
QI-0342,CMP-0288,TSK-029,F08-B,wall_panel,1,2025-08-26 08:15,2025-08-26 17:02,2025-08-28 06:20,-1.22,mm,52.5,TEAM_B,pass,false,false,site_tablet
QI-0340,CMP-0286,TSK-029,F06-B,beam,2,2025-05-07 14:30,2025-05-12 20:57,2025-05-17 20:57,2.67,mm,46.6,TEAM_C,pass,true,false,quality_system
QI-0213,CMP-0179,TSK-018,F09-C,beam,1,2025/07/21 16:00,2025-07-22 01:44,2025-07-22 20:15,0.15,mm,54.4,TEAM_C,pass,false,false,site_tablet
QI-0006,CMP-0005,TSK-001,F05-A,wall_panel,1,2025-07-20 13:30,2025-07-21 01:06,2025-07-21 15:59,3.22,mm,47.1,Team A,pass,false,false,site_tablet
QI-0337,CMP-0284,TSK-029,F04-B,stair,1,2025-07-14 12:00,2025-07-15 07:20,2025-07-16 12:25,14.00,mm,45.9,TEAM_A,fail,false,false,site_tablet
QI-0258,CMP-0217,TSK-022,F07-A,wall_panel,1,2025-03-09 12:00,2025-03-10 06:14,2025-03-10 23:59,4.68,mm,56.3,TEAM_C,PASS,false,false,quality_system
QI-0328,CMP-0275,TSK-028,F05-A,column,1,2025-08-19 16:30,2025-08-20 10:04,2025-08-21 21:58,4.22,mm,47.1,TEAM_C,pass,N,false,site_tablet
QI-0277,CMP-0234,TSK-024,F04-C,beam,1,2025-05-07 14:00,2025-05-07 22:06,2025-05-08 04:13,5.95,mm,51.9,TEAM_C,fail,true,false,site_tablet
QI-0353,CMP-0296,TSK-030,F06-C,wall_panel,1,2025-08-22 07:00,2025-08-22 19:09,2025-08-22 23:06,2.46,mm,56.7,TEAM_A,pass,NA,false,quality_system
QI-0254,CMP-0214,TSK-022,F04-A,slab,2,2025-05-08 13:00,2025-05-10 17:31,2025-05-11 17:02,2.60,mm,50.9,TEAM_A,pass,true,false,quality_system
QI-0134,CMP-0111,TSK-012,F01-C,slab,2,2025-06-02 15:15,2025-06-06 16:51,2025-06-07 20:22,0.229,cm,41.0,TEAM_B,pass,true,false,quality_app
QI-0257,CMP-0216,TSK-022,F06-A,slab,1,2025-04-03 11:00,2025-04-03 20:32,2025年04月05日 08:18,5.67,mm,46.3,TEAM_A,fail,true,false,quality_system
QI-0110,CMP-0092,TSK-010,F02-A,column,2,2025-04-19 14:00,2025-04-22 17:12,2025年04月23日 00:34,4.11,mm,55.7,TEAM_C,pass,true,false,site_tablet
QI-0094,CMP-0079,TSK-008,F09-B,wall_panel,1,2025-03-31 08:00,2025-03-31 13:54,2025-04-01 12:34,5.14,mm,43.2,TEAM_C,FAIL,true,false,quality_system
QI-0131,CMP-0110,TSK-011,F10-B,slab,1,2025-07-31 07:00,2025-07-31 15:07,2025-08-01 09:55,3.47,mm,50.9,TEAM_C,pass,false,false,quality_system
QI-0299,CMP-0250,TSK-025,F10-A,column,1,2025-08-09 16:00,2025-08-10 07:35,2025-08-11 19:36,4.92,mm,51.8,TEAM_C,maybe,false,false,site_tablet
QI-0266,CMP-0223,TSK-023,F03-B,beam,1,2025-06-03 07:15,2025-06-03 18:34,2025-06-04 11:10,3.23,mm,47.1,TEAM_C,通过,false,false,quality_system
QI-0189,CMP-0159,TSK-016,F09-A,beam,1,2025-07-27 07:45,2025-07-27 16:26,2025-07-27 21:21,1.76,mm,,TEAM_B,pass,false,false,quality_system
QI-0235,--,TSK-020,F08-B,slab,1,2025-05-12 11:45,2025-05-13 02:55,2025-05-14 19:21,2.51,mm,34.1,TEAM_B,fail,true,false,site_tablet
QI-0191,CMP-0161,TSK-017,F01-B,wall_panel,1,2025-03-19 10:30,20-03-2025 01:39,2025-03-21 01:20,2.04,mm,48.0,TEAM_B,pass,false,false,quality_app
QI-0086,CMP-0072,TSK-008,F02-B,beam,1,2025-07-12 15:00,2025-07-13 04:19,2025-07-14 22:53,2.26,mm,47.3,TEAM_B,pass,false,false,site_tablet
QI-0178,CMP-0149,TSK-015,F09-C,column,1,2025-08-21 11:45,2025-08-22 00:49,2025-08-22 09:01,7.73,mm,43.7,TEAM_C,fail,true,false,quality_system
QI-0115,CMP-0097,TSK-010,F07-A,beam,1,2025-07-29 12:30,2025-07-30 01:55,2025-07-31 10:21,--,mm,52.8,TEAM_B,pass,false,false,quality_system
QI-0061,CMP-0051,TSK-006,F01-C,stair,2,2025-06-27 07:30,2025-07-02 11:50,2025-07-03 17:24,12.89,mm,54.0,TEAM_B,fail,true,false,quality_system
QI-0098,CMP-0083,TSK-009,F03-C,wall_panel,1,2025-06-23 08:45,2025-06-23 10:36,2025-06-24 10:14,4.09,mm,55.2,TEAM_C,pass,false,false,quality_system
QI-0331,CMP-0278,TSK-028,F08-A,column,1,2025-07-16 16:45,17-07-2025 02:40,2025-07-18 23:20,4.46,mm,62.7,TEAM_A,pass,false,false,site_tablet
QI-0263,CMP-0221,TSK-023,F01-B,beam,1,2025-04-08 08:15,2025-04-08 16:41,2025-04-10 11:01,8.22,mm,56.8,TEAM_A,fail,false,false,quality_app
QI-0156,CMP-0130,TSK-013,F10-A,wall_panel,1,2025-03-17 08:00,2025-03-17 14:12,2025-03-19 09:54,2.04,mm,42.8,TEAM_C,pass,false,false,site_tablet
QI-0272,CMP-0229,TSK-023,F09-B,slab,1,2025-06-04 08:15,2025-06-04 23:08,2025-06-05 22:39,4.59,mm,43.6,TEAM_C,通过,false,false,quality_app
QI-0295,CMP-0247,TSK-025,F07-A,slab,2,2025-05-16 11:30,21-05-2025 16:07,2025-05-22 16:03,1.02,mm,48.7,TEAM_B,pass,true,false,site_tablet
QI-0093,CMP-0078,TSK-008,F08-B,slab,1,2025-03-03 16:30,2025-03-04 09:07,2025-03-06 01:51,0.401,cm,45.4,TEAM_A,pass,false,false,site_tablet
QI-0066,CMP-0056,--,F06-C,slab,1,2025-08-23 16:45,2025-08-24 10:43,2025-08-25 00:49,1.83,mm,46.4,TEAM_B,pass,false,false,quality_app
QI-0119,CMP-0100,TSK-010,F10-A,slab,2,2025-03-10 11:00,2025-03-15 15:23,2025-03-16 01:20,1.92,mm,43.1,TEAM_A,pass,true,false,quality_system
QI-0180,CMP-0151,TSK-016,F01-A,slab,1,2025-08-10 11:15,2025-08-11 05:43,2025-08-11 20:28,1.13,mm,53.0,TEAM_A,PASS,false,false,site_tablet
QI-0333,CMP-0280,TSK-028,F10-A,beam,1,2025-05-11 12:30,2025-05-12 04:37,2025-05-13 18:07,3.68,mm,54.4,TEAM_B,pass,否,false,site_tablet
QI-0322,CMP-0270,TSK-027,F10-C,beam,1,2025-06-12 11:00,2025-06-12 13:38,2025-06-12 20:40,65.27,mm,43.5,TEAM_C,fail,true,false,quality_system
QI-0068,CMP-0057,TSK-006,F07-C,wall_panel,1,2025-04-17 11:45,2025-04-18 04:28,2025-04-18 20:55,0.093,cm,51.3,TEAM_B,pass,false,false,quality_app
QI-0230,CMP-0193,TSK-020,F03-B,wall_panel,1,2025-06-14 15:30,2025-06-15 00:50,2025-06-16 17:56,2.05,mm,46.0,TEAM_B,pass,false,false,site_tablet
QI-0261,CMP-0220,TSK-022,F10-A,beam,1,2025-06-18 15:00,2025-06-18 19:10,2025-06-19 23:05,2.23,mm,45.5,TEAM_A,pass,false,false,quality_app
QI-0182,CMP-0153,TSK-016,F03-A,wall_panel,1,2025-06-06 15:30,2025-06-06 09:30,2025-06-08 06:11,3.88,mm,34.5,TEAM_A,fail,true,false,quality_app
QI-0070,CMP-0059,TSK-006,F09-C,wall_panel,1,2025-03-20 13:15,21-03-2025 02:12,2025-03-21 08:59,5.12,mm,59.4,TEAM_A,fail,true,false,site_tablet
QI-0334,CMP-0281,TSK-029,F01-B,slab,1,2025-05-23 11:15,2025-05-23 21:45,2025-05-24 01:20,0.458,cm,36.2,TEAM_A,fail,true,false,quality_system
QI-0123,CMP-0103,TSK-011,F03-B,column,1,2025-03-26 16:00,2025-03-26 23:36,2025-03-27 15:38,2.06,mm,39.2,TEAM_A,fail,Y,false,quality_app
QI-0294,CMP-0247,TSK-025,F07-A,slab,1,2025-05-16 11:30,2025-05-17 04:07,2025-05-17 08:07,,mm,49.5,TEAM_B,pass,false,false,quality_app
QI-0150,CMP-0125,TSK-013,F05-A,slab,1,2025-06-05 12:15,2025-06-05 13:58,2025-06-07 03:53,4.83,mm,38.5,TEAM_B,fail,true,false,site_tablet
QI-REV-002,CMP-0110,TSK-011,F10-B,slab,1,2025-07-31 07:00,2025-07-31 15:07,2025-08-02 11:55,3.47,mm,50.9,TEAM_C,pass,false,true,quality_system
QI-0011,CMP-0009,TSK-001,F09-A,column,1,2025-05-31 14:30,2025-05-31 21:14,2025-06-02 02:57,4.60,mm,49.2,TEAM_B,pass,false,false,quality_app
QI-0200,CMP-0169,TSK-017,F09-B,stair,1,2025-03-29 15:45,2025-03-30 08:57,2025-03-30 22:05,3.66,mm,50.0,TEAM_A,pass,false,false,site_tablet
QI-0024,CMP-0021,TSK-003,F01-C,stair,1,2025-08-29 11:30,2025-08-29 19:34,2025年08月31日 08:30,1.02,mm,45.9,TEAM_A,pass,false,false,site_tablet
QI-0233,CMP-0196,TSK-020,F06-B,slab,1,2025-05-18 09:15,2025-05-18 16:56,2025-05-19 11:14,0.286,cm,44.3,TEAM_B,pass,false,false,quality_app
QI-0052,CMP-0043,TSK-005,F03-B,stair,1,2025-07-09 16:30,2025-07-10 11:16,2025-07-10 23:18,0.555,cm,52.5,TEAM_C,fail,true,false,site_tablet
QI-0045,CMP-0038,TSK-004,F08-A,beam,1,2025-05-12 14:15,2025-05-13 01:46,2025-05-13 20:01,2.22,mm,52.1,team_a,pass,false,false,site_tablet
QI-0345,CMP-0290,TSK-029,F10-B,column,1,2025-05-07 12:00,2025-05-07 18:49,2025-05-09 10:13,6.25,mm,52.7,TEAM_B,fail,Y,false,quality_app
QI-0114,CMP-0096,TSK-010,F06-A,wall_panel,1,2025-08-17 14:45,2025-08-18 09:36,2025-08-18 20:39,3.99,mm,56.0,TEAM_A,pass,false,false,quality_app
QI-0090,CMP-0075,TSK-008,F05-B,wall_panel,1,2025/08/01 10:45,2025-08-02 04:51,2025-08-02 15:23,3.71,mm,42.3,TEAM_A,pass,false,false,site_tablet
QI-0268,CMP-0225,TSK-023,F05-B,stair,1,2025-07-29 07:15,2025-07-29 23:24,2025-07-30 20:05,3.43,mm,37.1,TEAM_A,fail,1,false,quality_system
QI-0186,CMP-0156,TSK-016,F06-A,beam,1,2025-07-14 08:00,2025-07-14 15:21,2025-07-15 19:58,0.319,cm,54.1,TEAM_B,pass,false,false,quality_app
QI-0281,CMP-0238,TSK-024,F08-C,wall_panel,1,2025-06-14 07:15,2025-06-14 21:45,2025-06-15 03:53,7.75,mm,51.3,TEAM_C,fail,true,false,quality_system
QI-0357,CMP-0299,TSK-030,F09-C,slab,1,2025-04-18 10:45,2025-04-18 15:17,2025-04-19 03:03,5.95,mm,42.2,TEAM_B,fail,true,false,quality_system
QI-0282,CMP-0239,TSK-024,F09-C,slab,1,2025-05-13 08:15,2025-05-13 22:35,2025-05-18 15:35,3.20,mm,41.7,TEAM_C,pass,false,false,site_tablet
QI-0106,CMP-0089,TSK-009,F09-C,column,1,2025-07-11 12:45,2025-07-11 15:50,2025-07-11 22:25,3.89,mm,31.8,TEAM_A,fail,true,false,quality_app
QI-0321,CMP-0269,TSK-027,F09-C,slab,1,2025-03-13 08:45,2025-03-13 13:07,2025-03-13 15:31,2.93,mm,43.2,TEAM_C,fail,false,false,quality_system
QI-0108,CMP-0091,TSK-010,F01-A,column,1,2025-04-20 16:30,2025-04-21 11:29,2025-04-22 12:08,3.04,mm,53.5,TEAM_C,fail,false,false,quality_app
QI-0355,CMP-0297,TSK-030,F07-C,column,1,2025-05-26 09:30,2025-05-27 01:18,2025-05-27 12:17,2.84,mm,39.9,TEAM_B,fail,true,false,quality_app
QI-0163,CMP-0135,TSK-014,F05-B,wall_panel,2,2025-05-15 14:00,2025-05-20 19:41,2025-05-22 13:51,1.25,mm,47.1,TEAM_C,pass,1,false,quality_system
QI-0195,CMP-0164,TSK-017,F04-B,beam,2,2025-04-20 13:45,2025-04-22 15:17,2025-04-23 07:59,2.28,mm,55.1,NA,pass,true,false,site_tablet
QI-0347,CMP-0292,TSK-030,F02-C,beam,1,2025-08-04 15:00,2025-08-05 05:51,2025-08-05 17:59,0.277,cm,48.4,TEAM_C,pass,false,false,quality_app
QI-0275,CMP-0232,TSK-024,F02-C,slab,1,2025-05-31 09:45,2025-06-01 03:24,2025-06-01 14:16,0.310,cm,46.4,TEAM_C,pass,false,false,site_tablet
QI-0217,CMP-0182,TSK-019,F02-A,slab,2,2025-08-07 08:45,2025-08-11 10:00,2025-08-11 13:21,1.38,mm,53.9,TEAM_C,pass,true,false,quality_system
QI-0153,CMP-0127,TSK-013,F07-A,beam,1,2025-07-26 12:00,2025-07-26 17:07,2025-07-28 11:01,5.07,mm,59.0,TEAM_C,不通过,true,false,quality_system
QI-REV-006,CMP-0253,TSK-026,F03-B,beam,2,2025-06-12 11:00,2025-06-17 14:30,2025-06-18 21:12,1.57,mm,52.2,TEAM_C,pass,true,true,quality_app
QI-0067,CMP-0056,TSK-006,F06-C,slab,2,2025-08-23 16:45,2025-08-27 18:32,2025-08-27 23:04,3.04,mm,116.8,TEAM_B,pass,true,false,quality_system
QI-0142,CMP-0118,TSK-012,F08-C,slab,1,2025-06-05 07:00,2025-06-05 11:27,2025-06-06 15:38,3.33,mm,--,TEAM_B,pass,false,false,quality_app
QI-0187,CMP-0157,TSK-016,F07-A,column,1,2025/05/31 12:00,2025-05-31 14:41,2025-06-01 08:30,1.16,mm,42.8,TEAM_A,pass,false,false,quality_system
QI-0161,CMP-0134,TSK-014,F04-B,wall_panel,2,2025-06-13 09:15,2025-06-16 16:43,2025-06-18 10:51,2.77,mm,51.4,C班,pass,true,false,site_tablet
QI-0003,CMP-0002,TSK-001,F02-A,stair,1,2025-06-17 13:30,2025-06-18 03:33,2025-06-19 07:50,4.23,mm,54.5,TEAM_B,pass,false,false,quality_system
QI-0349,CMP-0293,TSK-030,F03-C,wall_panel,2,2025-08-15 16:00,2025-08-19 20:23,2025-08-21 02:06,0.13,mm,52.3,A班,pass,true,false,site_tablet
QI-0152,CMP-0126,TSK-013,F06-A,wall_panel,1,2025-04-25 07:30,2025-04-25 17:13,2025-04-26 18:16,2.51,mm,41.1,TEAM_A,pass,false,false,quality_system
QI-0105,CMP-0088,TSK-009,F08-C,slab,1,2025-07-14 15:30,2025-07-14 18:03,2025-07-15 09:52,3.84,mm,122.7,TEAM_C,pass,false,false,quality_app
QI-0315,CMP-0264,TSK-027,F04-C,wall_panel,1,2025-03-28 09:45,2025-03-28 15:39,2025-03-30 06:22,2.30,mm,46.7,TEAM_A,pass,false,false,quality_system
QI-0112,CMP-0094,TSK-010,F04-A,slab,1,2025-08-06 11:00,2025-08-06 14:06,2025-08-08 08:19,0.316,cm,44.0,TEAM_A,pass,false,false,quality_app
QI-0116,CMP-0098,TSK-010,F08-A,,1,2025-06-25 09:45,2025-06-25 18:32,2025-06-26 10:07,4.63,mm,56.6,TEAM_C,pass,false,false,site_tablet
QI-0081,CMP-0067,TSK-007,F07-A,wall_panel,2,2025-08-05 07:00,2025-08-08 08:19,2025-08-08 15:35,1.52,mm,47.7,B班,pass,true,false,quality_system
QI-0057,CMP-0048,TSK-005,F08-B,wall_panel,1,2025/04/26 07:45,2025-04-26 10:32,2025-04-27 14:20,3.95,mm,45.3,TEAM_B,pass,false,false,site_tablet
QI-0135,CMP-0112,TSK-012,F02-C,beam,1,2025-04-22 11:15,2025-04-23 04:42,2025年04月24日 22:50,5.19,mm,42.3,TEAM_C,fail,true,false,site_tablet
QI-0240,CMP-0202,TSK-021,F02-C,wall_panel,2,2025-08-15 07:00,2025-08-18 14:36,2025-08-18 05:36,0.88,mm,53.8,TEAM_C,pass,true,false,site_tablet
QI-0009,CMP-0007,TSK-001,F07-A,wall_panel,2,2025/07/20 10:15,2025-07-25 16:09,2025-07-26 09:12,2.49,mm,53.9,TEAM_C,pass,true,false,quality_system
QI-0085,CMP-0071,TSK-008,F01-B,--,1,2025-07-04 13:30,2025-07-05 04:13,2025-07-06 07:18,0.15,mm,48.4,TEAM_B,pass,false,false,quality_system
QI-0004,CMP-0003,TSK-001,F03-A,column,1,2025-04-10 13:00,2025-04-10 23:45,2025-04-11 20:27,3.66,mm,36.3,TEAM_C,fail,true,false,quality_system
QI-0284,CMP-0241,TSK-025,F01-A,wall_panel,1,2025-03-10 09:45,2025-03-10 13:04,2025-03-12 05:49,2.99,mm,39.5,TEAM_C,pass,true,false,quality_app
QI-0099,CMP-0084,TSK-009,F04-C,slab,1,2025-03-08 09:15,2025-03-08 20:13,2025-03-10 13:46,3.46,mm,36.3,TEAM_B,fail,是,false,quality_system
QI-0037,CMP-0031,TSK-004,F01-A,beam,2,2025/05/30 13:30,2025-06-01 19:08,2025-06-02 15:30,3.54,mm,56.0,TEAM_B,pass,true,false,quality_system
QI-0060,CMP-0051,TSK-006,F01-C,stair,1,2025-06-27 07:30,2025-06-27 12:50,2025-06-28 15:27,3.43,mm,57.9,TEAM_A,fail,false,false,quality_system
QI-0305,CMP-0254,TSK-026,F04-B,stair,1,2025-03-17 14:00,2025-03-18 09:34,2025年03月19日 09:47,1.57,mm,47.2,TEAM_A,pass,false,false,quality_app
QI-0155,CMP-0129,TSK-013,F09-A,column,1,2025-03-27 16:15,2025-03-27 17:20,2025-03-28 13:57,10.13,mm,51.7,TEAM_C,fail,false,false,site_tablet
QI-0251,CMP-0212,TSK-022,F02-A,slab,1,2025-07-28 12:15,2025-07-28 13:34,2025-07-30 04:16,0.15,mm,47.1,TEAM_B,合格,false,false,quality_system
QI-0350,CMP-0294,TSK-030,F04-C,beam,1,2025-05-14 10:00,2025-05-14 23:46,2025年05月15日 12:00,3.09,mm,32.3,TEAM_A,fail,true,false,quality_system
QI-0014,CMP-0012,TSK-002,F02-B,wall_panel,1,2025-05-27 15:15,2025-05-28 07:25,2025-05-28 16:33,1.39,mm,46.9,TEAM_A,pass,false,false,quality_app
QI-REV-004,CMP-0189,TSK-019,F09-A,slab,2,2025-08-19 09:45,2025-08-22 16:44,2025-08-23 22:40,3.41,mm,50.7,TEAM_C,pass,true,true,quality_app
QI-REV-001,CMP-0024,TSK-003,F04-C,beam,1,2025-06-20 07:30,2025-06-21 02:56,2025-06-22 18:23,4.28,mm,41.7,TEAM_A,pass,false,true,quality_system
QI-0030,CMP-0027,TSK-003,F07-C,slab,1,2025-03-08 12:00,2025-03-08 23:07,2025-03-09 16:22,4.06,mm,50.4,TEAM_A,PASS,false,false,site_tablet
QI-0149,CMP-0124,TSK-013,F04-A,slab,1,2025-06-13 13:30,2025-06-13 07:30,2025-06-14 14:14,2.54,mm,45.2,TEAM_A,pass,false,false,quality_system
QI-0212,CMP-0178,TSK-018,F08-C,wall_panel,1,2025-04-25 16:00,2025-04-26 10:11,2025年04月26日 23:20,5.33,mm,44.2,TEAM_A,fail,true,false,site_tablet
QI-0219,CMP-0184,TSK-019,F04-A,wall_panel,1,2025-08-08 14:30,2025-08-09 06:52,2025-08-09 23:19,0.380,cm,51.1,TEAM_A,pass,false,false,quality_system
QI-0172,CMP-0143,TSK-015,F03-C,wall_panel,1,2025-08-17 13:15,2025-08-18 08:11,2025-08-20 01:42,0.15,mm,48.9,TEAM_A,pass,false,false,quality_system
QI-0206,CMP-0172,TSK-018,F02-C,wall_panel,2,2025-07-07 08:15,2025-07-12 13:26,2025-07-12 17:21,60.30,mm,61.1,TEAM_A,pass,true,false,site_tablet
QI-0120,CMP-0101,TSK-011,F01-B,wall_panel,1,2025-06-14 08:00,2025-06-15 02:57,2025-06-16 20:51,0.566,cm,49.2,TEAM_A,fail,true,false,quality_app
QI-0157,CMP-0131,TSK-014,F01-B,beam,1,2025-04-30 09:30,2025-04-30 22:50,2025-05-02 12:13,2.30,mm,40.1,TEAM_C,pass,false,false,quality_app
QI-0326,CMP-0273,TSK-028,F03-A,beam,1,2025-06-20 12:45,2025-06-20 08:45,2025-06-21 16:05,4.89,mm,40.8,TEAM_C,pass,false,false,site_tablet
QI-0338,CMP-0285,TSK-029,F05-B,beam,1,2025-07-08 15:30,2025-07-09 00:31,2025-07-10 16:22,3.70,mm,54.1,TEAM_C,通过,false,false,site_tablet
QI-0051,CMP-0042,TSK-005,F02-B,beam,1,2025-03-16 16:30,2025-03-17 00:45,2025-03-18 00:53,3.07,毫米?,53.3,TEAM_B,pass,false,false,quality_app
QI-0307,CMP-0256,TSK-026,F06-B,slab,1,2025-08-04 10:15,2025-08-04 16:40,2025-08-06 08:12,4.09,mm,52.6,TEAM_B,通过,false,false,site_tablet
QI-0174,CMP-0145,TSK-015,F05-C,column,1,2025-05-01 16:45,2025-05-02 01:05,2025年05月02日 01:43,5.11,mm,42.3,TEAM_A,fail,true,false,site_tablet
QI-0199,CMP-0168,TSK-017,F08-B,wall_panel,1,2025-08-20 15:15,2025-08-21 07:20,2025-08-23 04:04,3.72,mm,42.3,TEAM_A,pass,false,false,quality_system
QI-0076,CMP-0063,TSK-007,F03-A,column,1,2025-05-08 09:00,2025-05-09 04:08,2025年05月10日 19:04,0.81,mm,48.0,TEAM_C,pass,false,false,site_tablet
QI-0179,CMP-0150,TSK-015,F10-C,wall_panel,1,2025-06-16 15:45,2025-06-16 23:27,2025-06-18 12:27,4.27,mm,51.8,team_b,pass,false,false,quality_app
QI-0313,CMP-0262,TSK-027,F02-C,column,1,2025-05-05 15:45,2025-05-06 01:10,2025-05-07 11:31,5.39,mm,32.9,TEAM_B,不通过,true,false,site_tablet
QI-0084,CMP-0070,TSK-007,F10-A,beam,1,2025-06-28 16:45,2025-06-28 22:35,2025-06-29 06:59,3.92,mm,44.6,TEAM_A,pass,false,false,quality_system
QI-0332,CMP-0279,TSK-028,F09-A,wall_panel,1,2025-03-04 13:00,2025-03-05 03:02,2025-03-06 09:15,2.17,mm,51.0,TEAM_A,pass,false,false,site_tablet
QI-0048,CMP-0040,TSK-004,F10-A,stair,1,2025-04-13 16:15,2025-04-14 03:22,2025-04-14 07:24,2.41,mm,52.7,TEAM_C,pass,false,false,site_tablet
QI-0043,CMP-0036,TSK-004,F06-A,column,1,2025-08-20 11:15,2025-08-20 18:26,2025-08-21 13:36,0.603,cm,35.6,TEAM_C,fail,true,false,site_tablet
QI-0026,CMP-0023,TSK-003,F03-C,slab,1,2025-05-22 12:15,2025-05-22 20:29,2025-05-23 16:16,3.33,mm,42.4,TEAM_C,pass,false,false,quality_system
QI-0012,CMP-0010,TSK-001,F10-A,beam,1,2025-07-22 15:15,2025-07-22 20:20,2025-07-23 09:37,3.05,mm,57.6,TEAM_A,pass,否,false,quality_system
QI-0005,CMP-0004,TSK-001,F04-A,column,1,2025-06-22 07:00,2025-06-23 01:11,2025-06-24 00:39,0.143,cm,40.0,TEAM_B,pass,false,false,site_tablet
QI-0190,CMP-0160,NA,F10-A,beam,1,2025-08-02 09:00,2025-08-02 17:40,2025-08-04 01:40,2.19,mm,44.7,TEAM_B,pass,false,false,site_tablet
QI-0312,CMP-0261,TSK-027,F01-C,column,1,2025-05-03 16:00,2025-05-04 11:55,2025-05-08 04:55,4.02,mm,46.6,TEAM_C,pass,false,false,site_tablet
QI-0303,CMP-0253,TSK-026,F03-B,beam,1,2025-06-12 11:00,2025-06-12 19:03,2025-06-13 16:38,0.344,cm,54.0,TEAM_B,pass,false,false,quality_app
QI-0029,CMP-0026,TSK-003,F06-C,column,1,2025-08-08 07:00,2025-08-08 17:05,2025-08-08 19:25,0.326,cm,47.0,TEAM_A,pass,false,false,quality_app
QI-0136,CMP-0113,TSK-012,F03-C,stair,1,2025-03-22 07:00,2025-03-22 20:55,2025-03-24 02:46,4.34,mm,48.4,Team B,pass,false,false,site_tablet
QI-0308,CMP-0257,TSK-026,F07-B,wall_panel,1,2025-07-03 10:30,04-07-2025 03:58,2025-07-05 22:31,2.90,mm,47.6,TEAM_B,pass,false,false,quality_system
QI-0089,CMP-0074,,F04-B,beam,1,2025-05-09 09:45,2025-05-09 19:10,2025-05-11 10:35,4.02,mm,43.3,TEAM_C,pass,false,false,quality_system
QI-0297,CMP-0249,TSK-025,F09-A,beam,1,2025-07-04 13:15,2025-07-04 18:34,2025-07-05 05:44,4.72,mm,46.1,TEAM_C,pass,false,false,quality_system
QI-0165,CMP-0137,TSK-014,F07-B,column,1,2025-03-29 09:15,2025-03-29 20:51,2025-04-02 07:51,3.15,mm,42.8,TEAM_B,pass,false,false,site_tablet
QI-0132,CMP-0110,TSK-011,F10-B,slab,2,2025-07-31 07:00,2025-08-05 10:14,2025-08-06 21:42,2.01,mm,48.2,TEAM_B,pass,未知,false,quality_app
QI-0224,CMP-0188,TSK-019,F08-A,beam,2,2025-05-29 13:00,2025-06-02 17:41,2025-06-04 14:32,2.40,mm,46.3,TEAM_C,pass,Y,false,quality_app
QI-0044,CMP-0037,TSK-004,F07-A,wall_panel,1,2025-06-16 12:15,2025-06-16 17:40,2025-06-17 03:00,0.55,mm,43.7,TEAM_A,pass,false,false,quality_app
QI-0250,CMP-0211,TSK-022,F01-A,column,1,2025-06-18 15:30,19-06-2025 04:49,2025-06-20 14:37,5.50,mm,46.7,TEAM_B,fail,true,false,quality_system
QI-0339,CMP-0286,TSK-029,F06-B,beam,1,2025-05-07 14:30,2025-05-08 06:10,2025-05-08 04:10,0.49,mm,49.4,TEAM_A,pass,false,false,quality_system
QI-0160,CMP-0134,TSK-014,F04-B,wall_panel,1,2025-06-13 09:15,2025-06-13 15:23,2025-06-13 19:20,1.43,mm,55.5,TEAM_A,pass,false,false,quality_system
QI-0039,CMP-0033,TSK-004,F03-A,stair,1,2025-06-13 10:00,2025-06-14 00:39,2025-06-14 22:48,3.37,mm,N/A,TEAM_C,pass,false,false,quality_app
QI-0351,CMP-0295,TSK-030,F05-C,wall_panel,1,2025-05-14 08:00,2025-05-14 17:30,2025-05-14 18:02,3.30,mm,50.1,TEAM_B,pass,?,false,quality_system
QI-0236,CMP-0199,TSK-020,F09-B,wall_panel,1,2025-07-25 10:00,2025-07-25 21:34,2025-07-27 17:22,4.18,mm,40.2,TEAM_B,pass,0,false,quality_system
QI-0298,CMP-0249,TSK-025,F09-A,beam,2,2025-07-04 13:15,,2025-07-10 21:43,3.41,mm,41.0,TEAM_B,pass,true,false,quality_app
QI-0133,CMP-0111,TSK-012,F01-C,slab,1,2025-06-02 15:15,2025-06-03 02:17,2025-06-03 22:09,1.10,mm,48.4,--,pass,false,false,site_tablet
QI-0241,CMP-0203,TSK-021,F03-C,wall_panel,1,2025-06-12 14:45,2025-06-13 05:11,2025-06-13 02:11,5.69,mm,46.2,TEAM_A,fail,true,false,site_tablet
QI-0335,CMP-0282,TSK-029,F02-B,beam,1,2025-08-14 10:30,2025-08-15 02:48,2025-08-16 17:23,2.20,mm,45.4,TEAM_C,pass,false,false,site_tablet
,CMP-0222,TSK-023,F02-B,slab,2,2025-08-29 15:45,2025-09-01 19:02,2025-09-01 20:18,2.91,mm,50.7,TEAM_B,pass,true,false,site_tablet
QI-0285,CMP-0241,TSK-025,F01-A,wall_panel,2,2025-03-10 09:45,2025-03-13 16:11,2025-03-13 19:25,2.12,mm,43.8,TEAM_A,pass,是,false,quality_app
QI-0296,CMP-0248,TSK-025,F08-A,beam,1,2025-06-20 10:15,2025-06-21 02:47,2025-06-21 07:25,3.83,mm,52.4,TEAM_B,pass,0,false,quality_app
QI-0291,CMP-0245,TSK-025,F05-A,column,1,2025-04-03 11:45,2025-04-03 15:04,2025-04-08 19:04,2.99,mm,49.5,TEAM_A,pass,false,false,quality_system
QI-0046,CMP-0038,N/A,F08-A,beam,2,2025-05-12 14:15,2025-05-17 17:36,2025-05-18 18:36,0.73,mm,41.0,TEAM_A,pass,true,false,quality_system
QI-0204,CMP-0171,TSK-018,F01-C,slab,1,2025-03-05 08:30,2025-03-05 17:56,2025-03-06 03:21,0.476,cm,43.3,TEAM_C,pass,false,false,quality_app
QI-0234,CMP-0197,TSK-020,F07-B,wall_panel,1,2025-08-23 14:00,2025-08-23 18:23,2025-08-24 17:53,4.00,mm,56.2,TEAM_C,pass,0,false,quality_app
QI-0159,CMP-0133,TSK-014,F03-B,column,1,2025-07-31 07:30,2025-08-01 00:37,2025年08月02日 16:04,5.33,mm,56.7,TEAM_A,fail,true,false,quality_app
QI-0320,CMP-0268,TSK-027,F08-C,column,2,2025-03-09 08:00,2025-03-14 13:56,2025-03-14 16:44,0.26,mm,46.7,A班,pass,true,false,quality_system
QI-0164,CMP-0136,TSK-014,F06-B,beam,1,2025/08/26 08:15,2025-08-26 15:46,2025-08-28 04:12,2.98,mm,53.9,TEAM_C,pass,false,false,site_tablet
QI-0330,CMP-0277,TSK-028,F07-A,wall_panel,1,2025-07-23 12:30,2025-07-23 15:09,2025-07-24 11:54,4.65,mm,38.7,TEAM_B,fail,true,false,site_tablet
QI-0292,CMP-0245,TSK-025,F05-A,column,2,2025-04-03 11:45,2025-04-08 13:22,2025-04-09 07:18,0.76,mm,51.1,team_b,pass,true,false,site_tablet
QI-0125,CMP-0105,TSK-011,F05-B,wall_panel,1,2025-07-15 11:15,2025-07-16 07:09,2025-07-17 06:06,-2.10,mm,49.5,TEAM_A,fail,true,false,site_tablet
QI-0276,CMP-0233,TSK-024,F03-C,beam,1,2025-07-06 13:30,2025-07-07 06:05,2025-07-08 09:51,2.56,mm,47.2,TEAM_C,pass,false,false,site_tablet
QI-0091,CMP-0076,TSK-008,F06-B,wall_panel,1,2025-04-25 07:30,25-04-2025 09:04,2025-04-25 18:12,6.12,mm,46.0,TEAM_C,fail,true,false,quality_app
QI-0198,CMP-0167,TSK-017,F07-B,slab,1,2025-07-03 07:45,2025-07-03 11:11,2025年07月04日 05:34,3.58,mm,57.7,TEAM_B,pass,false,false,quality_system
QI-0269,CMP-0226,TSK-023,F06-B,column,1,2025-08-19 14:45,2025-08-19 20:22,2025-08-21 05:13,4.19,mm,43.1,TEAM_B,合格,false,false,quality_system
QI-0144,CMP-0120,TSK-012,F10-C,wall_panel,1,2025-07-31 15:00,2025-07-31 18:43,2025-07-31 21:40,0.669,cm,46.1,TEAM_A,fail,true,false,site_tablet
QI-0352,CMP-0295,TSK-030,F05-C,wall_panel,2,2025-05-14 08:00,2025-05-19 10:12,2025-05-19 15:36,11.96,mm,55.8,TEAM_B,fail,true,false,quality_app
QI-0194,CMP-0164,TSK-017,F04-B,beam,1,2025-04-20 13:45,2025-04-20 06:45,2025-04-22 11:01,5.29,mm,42.6,TEAM_B,fail,true,false,quality_system
QI-0336,CMP-0283,TSK-029,F03-B,slab,1,2025-05-13 08:00,2025-05-13 18:33,2025-05-14 13:29,4.58,mm,49.8,TEAM_A,pass,false,false,quality_app
QI-0072,CMP-0060,TSK-006,F10-C,stair,1,2025-04-07 10:15,2025-04-07 11:31,2025-04-09 02:22,3.58,mm,38.8,TEAM_A,fail,true,false,quality_system
QI-0020,CMP-0018,TSK-002,F08-B,slab,1,2025-08-09 10:30,2025-08-09 12:34,2025-08-09 19:14,1.69,mm,53.0,TEAM_B,pass,false,false,quality_app
QI-0019,CMP-0017,TSK-002,F07-B,slab,1,2025-03-18 10:30,2025-03-18 13:48,2025-03-18 20:08,0.292,cm,45.5,TEAM_B,pass,false,false,quality_app
QI-0214,CMP-0180,TSK-018,F10-C,wall_panel,1,2025-03-06 12:00,??,2025-03-08 16:22,4.80,mm,46.3,TEAM_C,pass,false,false,quality_system
QI-0084,CMP-0070,TSK-007,F10-A,beam,1,2025-06-28 16:45,2025-06-28 22:35,2025-06-29 06:59,3.92,mm,44.6,TEAM_A,pass,false,false,quality_system
QI-0160,CMP-0134,TSK-014,F04-B,wall_panel,1,2025-06-13 09:15,2025-06-13 15:23,2025-06-13 19:20,1.43,mm,55.5,TEAM_A,pass,false,false,quality_system
QI-0101,CMP-0086,TSK-009,F06-C,beam,1,2025-03-19 11:30,2025-03-20 00:32,2025年03月20日 19:43,5.09,mm,48.7,TEAM_B,fail,true,false,quality_app
QI-0215,CMP-0181,TSK-019,F01-A,slab,1,2025-03-07 08:45,2025-03-07 18:30,2025-03-09 05:04,1.34,mm,38.5,TEAM_C,fail,1,false,site_tablet
QI-0162,CMP-0135,TSK-014,F05-B,wall_panel,1,2025-05-15 14:00,2025-05-16 09:52,2025-05-16 22:21,2.19,mm,35.4,TEAM_A,fail,true,false,quality_app
QI-0211,CMP-0177,TSK-018,F07-C,column,1,2025-05-14 07:15,2025-05-14 10:07,2025-05-14 12:43,-4.41,mm,47.9,TEAM_B,pass,false,false,quality_app
QI-0176,CMP-0147,TSK-015,F07-C,wall_panel,1,2025-06-22 11:00,2025-06-22 19:50,2025-06-23 07:24,0.240,cm,45.8,TEAM_A,pass,false,false,site_tablet
QI-0228,CMP-0191,TSK-020,F01-B,slab,1,2025-07-06 13:15,2025-07-06 23:15,2025-07-08 11:12,2.18,mm,37.9,TEAM_C,fail,--,false,quality_system
QI-0220,CMP-0185,TSK-019,F05-A,slab,1,2025-05-09 15:30,09-05-2025 18:17,2025-05-10 15:19,3.05,mm,43.7,TEAM_A,pass,false,false,site_tablet
QI-0319,CMP-0268,TSK-027,F08-C,column,1,2025-03-09 08:00,2025-03-09 11:19,2025-03-10 22:25,3.50,mms?,47.4,TEAM_A,pass,false,false,quality_app
QI-0034,CMP-0030,TSK-003,F10-C,stair,1,2025-05-04 09:15,2025-05-04 21:22,2025-05-06 03:11,3.94,mm,51.6,TEAM_A,pass,false,false,quality_app
QI-0152,CMP-0126,TSK-013,F06-A,wall_panel,1,2025-04-25 07:30,2025-04-25 17:13,2025-04-26 18:16,2.51,mm,41.1,TEAM_A,pass,false,false,quality_system
QI-REV-005,CMP-0200,TSK-020,F10-B,slab,1,2025-08-17 12:30,2025-08-18 05:45,2025-08-19 20:29,2.88,mm,49.8,TEAM_A,pass,false,true,quality_app
QI-0255,CMP-0215,TSK-022,F05-A,column,1,2025-04-18 08:15,2025-04-18 10:24,2025-04-22 23:24,2.32,mm,44.2,TEAM_C,pass,false,false,quality_system
QI-0141,CMP-0117,TSK-012,F07-C,beam,1,2025-05-22 11:30,2025-05-23 03:50,2025-05-23 08:34,4.87,mm,50.8,TEAM_C,pass,false,false,quality_system
QI-0260,CMP-0219,TSK-022,F09-A,beam,1,2025-06-15 13:45,2025-06-15 23:51,2025-06-16 21:56,1.70,mm,47.1,TEAM_A,PASS,false,false,quality_system
QI-0341,CMP-0287,TSK-029,F07-B,column,1,2025-07-08 11:00,2025-07-08 15:45,2025-07-10 07:43,0.164,cm,39.9,TEAM_C,fail,true,false,site_tablet
QI-0188,CMP-0158,TSK-016,F08-A,slab,1,2025-07-30 14:45,2025-07-31 05:00,2025-07-31 08:04,15.21,mm,55.6,TEAM_C,fail,true,false,quality_system
QI-0202,CMP-0170,TSK-017,F10-B,beam,1,2025-08-29 11:15,2025-08-29 14:30,2025-08-30 23:56,0.257,cm,38.3,TEAM_A,fail,true,false,site_tablet
QI-0097,CMP-0082,TSK-009,F02-C,wall_panel,1,2025-08-14 12:45,2025-08-14 21:53,2025-08-15 07:32,0.074,cm,40.1,TEAM_B,pass,false,false,quality_system
QI-0348,CMP-0293,TSK-030,F03-C,wall_panel,1,2025-08-15 16:00,2025-08-15 17:22,2025-08-16 10:49,4.48,mm,50.6,TEAM_C,pass,false,false,site_tablet
QI-0128,CMP-0107,TSK-011,F07-B,wall_panel,2,2025-07-24 08:00,2025-07-30 13:12,2025-07-30 16:25,0.357,cm,52.9,TEAM_B,pass,true,false,quality_system
QI-0218,CMP-0183,TSK-019,F03-A,column,1,2025-03-06 13:30,2025-03-07 04:24,2025-03-07 21:41,0.15,mm,-4.3,TEAM_C,pass,false,false,quality_app
QI-0077,CMP-0064,TSK-007,F04-A,beam,1,2025-05-11 11:30,2025-05-12 07:27,2025-05-16 05:27,4.22,mm,56.2,TEAM_A,pass,false,false,quality_system
QI-0140,CMP-0116,TSK-012,F06-C,beam,2,2025-07-12 12:45,2025-07-16 14:30,2025-07-18 11:22,1.44,mm,54.9,TEAM_A,fail,true,false,site_tablet
QI-0231,CMP-0194,TSK-020,F04-B,NA,1,2025-07-24 13:15,2025-07-25 07:04,2025-07-27 00:48,5.34,mm,50.8,TEAM_C,fail,true,false,quality_system
QI-0264,CMP-0222,TSK-023,F02-B,slab,1,2025/08/29 15:45,2025-08-29 17:18,2025-08-31 01:23,0.48,mm,53.1,TEAM_C,pass,false,false,quality_app
QI-0088,CMP-0073,TSK-008,F03-B,wall_panel,1,2025-04-18 09:30,2025-04-18 18:16,2025-04-19 06:41,3.45,mm,44.7,TEAM_A,pass,false,false,site_tablet
QI-0041,CMP-0035,TSK-004,F05-A,wall_panel,1,2025-05-09 07:00,2025-05-09 08:50,2025-05-10 10:12,3.72,mm,42.0,TEAM_C,pass,0,false,site_tablet
QI-0143,CMP-0119,TSK-012,F09-C,slab,1,2025-05-15 16:45,2025-05-16 06:09,2025-05-17 07:43,6.25,mm,56.5,TEAM_B,fail,true,false,site_tablet
QI-0201,CMP-0169,TSK-017,F09-B,stair,2,2025-03-29 15:45,2025-04-02 17:03,2025-04-02 23:16,4.30,mm,48.4,TEAM_B,pass,false,false,quality_system
QI-0107,CMP-0090,TSK-009,F10-C,column,1,2025-06-15 11:30,2025-06-15 17:20,2025-06-17 03:14,2.53,mm,60.0,TEAM_C,pass,false,false,site_tablet
QI-0137,CMP-0114,TSK-012,F04-C,beam,1,2025-08-12 12:30,2025-08-12 16:06,2025-08-17 05:06,2.50,mm,50.9,TEAM_A,pass,false,false,quality_system
QI-0286,CMP-0242,TSK-025,F02-A,wall_panel,1,2025-04-07 07:45,2025-04-07 19:54,2025-04-08 17:32,8.97,mm,49.8,TEAM_A,fail,true,false,site_tablet
QI-0033,CMP-0029,TSK-003,F09-C,slab,1,2025-07-14 08:00,2025-07-14 22:46,2025-07-15 20:05,3.89,mm,52.2,team_c,pass,false,false,quality_app
QI-0245,CMP-0207,TSK-021,F07-C,beam,1,2025-04-24 08:00,2025-04-25 03:24,2025-04-25 23:53,0.456,cm,40.0,TEAM_C,fail,true,false,quality_app
QI-0181,CMP-0152,TSK-016,F02-A,wall_panel,1,2025-05-18 15:15,2025-05-19 02:18,2025-05-20 18:01,16.29,mm,44.2,TEAM_B,fail,true,false,quality_app
QI-0022,CMP-0020,TSK-002,F10-B,wall_panel,1,2025-08-28 14:15,2025-08-29 01:16,2025-08-30 01:15,6.17,mm,50.9,C班,fail,true,false,site_tablet
QI-0242,CMP-0204,TSK-021,F04-C,wall_panel,1,2025-04-08 10:00,2025-04-09 01:32,2025-04-12 21:32,3.56,mm,33.4,TEAM_C,fail,true,false,quality_system
QI-0354,CMP-0296,TSK-030,F06-C,wall_panel,2,2025-08-22 07:00,2025-08-24 14:20,2025-08-25 03:45,2.10,mm,53.7,TEAM_A,pass,true,false,quality_system
QI-0096,CMP-0081,TSK-009,F01-C,beam,1,2025-03-19 10:45,2025-03-19 05:45,2025-03-21 08:02,3.66,mm,42.7,TEAM_B,pass,false,false,quality_app
QI-0192,CMP-0162,TSK-017,F02-B,slab,1,2025-04-14 11:15,2025-04-15 05:13,2025-04-15 13:01,2.77,mm,48.3,TEAM_C,pass,false,false,quality_app
QI-0032,CMP-0028,TSK-003,F08-C,wall_panel,1,2025-05-07 08:00,2025-05-07 13:14,2025-05-07 21:20,0.150,cm,58.4,TEAM_A,pass,false,false,quality_app
QI-0074,CMP-0061,TSK-007,F01-A,wall_panel,1,2025-07-07 15:30,2025-07-08 08:35,2025-07-08 10:40,2.48,mm,42.0,C班,pass,false,false,quality_app
QI-0058,CMP-0049,TSK-005,F09-B,slab,1,2025-05-11 07:30,2025-05-11 18:39,2025-05-12 09:26,3.60,mm,43.3,TEAM_C,pass,false,false,site_tablet
QI-0038,CMP-0032,TSK-004,F02-A,slab,1,2025-03-18 08:00,2025-03-18 14:52,2025-03-20 01:24,N/A,mm,51.9,TEAM_C,pass,false,false,quality_app
QI-0121,CMP-0101,TSK-011,F01-B,wall_panel,2,2025-06-14 08:00,2025-06-20 09:01,2025-06-22 04:26,2.02,mm,47.8,TEAM_A,pass,Y,false,quality_app
QI-0225,CMP-0189,TSK-019,F09-A,slab,1,2025-08-19 09:45,2025-08-20 02:43,2025-08-21 17:26,3.70,mm,47.3,TEAM_C,pass,false,false,quality_app
QI-0330,CMP-0277,TSK-028,F07-A,wall_panel,1,2025-07-23 12:30,2025-07-23 15:09,2025-07-24 11:54,4.65,mm,38.7,TEAM_B,fail,true,false,site_tablet
QI-0078,CMP-0065,TSK-007,F05-A,beam,1,2025-05-30 12:45,2025-05-30 23:23,2025-06-05 21:23,5.91,mm,48.0,TEAM_A,fail,true,false,site_tablet
QI-0318,CMP-0267,TSK-027,F07-C,beam,1,2025-03-29 15:45,2025-03-29 22:19,2025-03-30 01:03,3.67,mm,56.9,B班,pass,false,false,quality_system
QI-0154,CMP-0128,TSK-013,F08-A,column,1,2025-04-19 10:30,19-04-2025 23:35,2025-04-20 23:32,4.89,mm,46.6,TEAM_C,pass,false,false,site_tablet
QI-0271,CMP-0228,TSK-023,F08-B,wall_panel,1,2025-05-18 11:30,2025-05-18 19:17,2025-05-20 03:43,2.71,mm,50.6,TEAM_A,pass,false,false,quality_system
QI-0103,CMP-0087,TSK-009,F07-C,column,1,2025/05/30 08:30,2025-05-30 21:52,2025-05-31 16:07,4.83,mm,47.2,TEAM_C,pass,false,false,quality_app
QI-0346,CMP-0291,TSK-030,F01-C,slab,1,2025-03-26 07:30,2025-03-26 13:42,2025-03-26 16:18,3.37,mm,52.1,TEAM_C,pass,否,false,quality_system
QI-0314,CMP-0263,TSK-027,F03-C,column,1,2025-08-12 12:45,2025-08-12 18:43,2025-08-13 20:08,NA,mm,31.8,TEAM_C,fail,true,false,quality_app
QI-0205,CMP-0172,TSK-018,F02-C,wall_panel,1,2025-07-07 08:15,2025-07-07 12:34,2025-07-08 19:15,2.86,mm,56.9,TEAM_A,pass,false,false,site_tablet
QI-0222,CMP-0187,TSK-019,F07-A,beam,1,2025-07-28 14:45,2025-07-29 03:53,2025年07月29日 17:21,4.25,mm,46.0,TEAM_B,pass,false,false,quality_system
QI-0138,CMP-0115,TSK-012,F05-C,column,1,2025-08-20 14:15,2025-08-21 07:48,2025-08-21 03:48,3.24,mm,52.0,TEAM_C,pass,false,false,site_tablet
QI-0280,CMP-0237,TSK-024,F07-C,wall_panel,1,2025-08-04 16:15,2025-08-05 01:57,2025-08-06 09:52,-4.88,mm,49.9,TEAM_A,pass,false,false,quality_app
QI-0102,CMP-0086,TSK-009,F06-C,beam,2,2025-03-19 11:30,2025-03-25 17:01,2025-03-27 13:09,0.87,mm,-4.3,TEAM_B,pass,true,false,quality_system
QI-0196,CMP-0165,TSK-017,F05-B,wall_panel,1,2025-04-19 15:45,2025-04-20 03:37,2025-04-20 06:11,0.302,cm,54.3,TEAM_B,pass,false,false,quality_app
QI-0073,CMP-0060,TSK-006,F10-C,stair,2,2025-04-07 10:15,2025-04-11 13:32,2025-04-13 07:54,2.18,mm,44.7,TEAM_C,pass,true,false,quality_system
QI-0325,CMP-0272,TSK-028,F02-A,slab,1,2025/06/14 07:15,2025-06-15 00:00,2025-06-15 18:16,4.86,mm,46.0,TEAM_A,pass,false,false,site_tablet
QI-0262,CMP-0220,TSK-022,F10-A,beam,2,2025-06-18 15:00,2025-06-21 20:41,2025-06-22 04:51,1.62,mm,59.4,TEAM_B,pass,true,false,quality_app
QI-0002,CMP-0001,TSK-001,F01-A,N/A,2,2025-05-09 07:30,2025-05-12 10:07,2025-05-13 07:39,2.74,mm,51.7,TEAM_A,pass,true,false,quality_system
QI-0203,CMP-0170,TSK-017,F10-B,beam,2,2025/08/29 11:15,2025-09-02 18:43,2025-09-04 09:51,2.03,mm,50.5,TEAM_B,pass,true,false,quality_app
QI-0311,CMP-0260,TSK-026,F10-B,wall_panel,1,2025-06-22 12:30,2025-06-23 05:10,2025-06-23 20:34,4.68,mm,NA,TEAM_B,fail,true,false,quality_app
QI-0259,CMP-0218,TSK-022,F08-A,beam,1,2025-07-30 09:15,2025-07-30 20:47,2025-08-01 00:49,4.17,mm,31.7,TEAM_A,不通过,true,false,quality_system
QI-0054,CMP-0045,TSK-005,F05-B,column,1,2025-03-23 16:15,2025-03-24 11:53,2025-03-24 15:16,1.30,mm,42.2,TEAM_C,pass,false,false,quality_app
QI-0229,CMP-0192,TSK-020,F02-B,wall_panel,1,2025-08-14 07:45,2025-08-14 21:38,2025-08-16 14:36,3.25,mm,51.8,Team A,pass,false,false,quality_app
QI-0092,CMP-0077,TSK-008,F07-B,wall_panel,1,2025-08-11 13:15,2025-08-11 23:50,2025-08-12 23:39,0.332,cm,52.2,TEAM_B,pass,false,false,site_tablet
QI-0007,CMP-0006,TSK-001,F06-A,beam,1,2025-04-05 14:30,2025-04-05 17:27,2025-04-06 18:04,4.79,mm,42.0,team_a,pass,false,false,site_tablet
QI-0064,CMP-0054,TSK-006,F04-C,wall_panel,1,2025-05-28 12:30,2025-05-29 04:38,2025-05-29 15:14,2.20,mm,55.3,TEAM_A,pass,false,false,site_tablet
QI-0083,CMP-0069,TSK-007,F09-A,stair,1,2025-05-29 15:45,2025-05-30 07:12,2025-05-30 23:42,1.28,mm,39.5,TEAM_C,fail,是,false,site_tablet
QI-0306,CMP-0255,TSK-026,F05-B,slab,1,2025/08/07 15:30,2025-08-07 22:17,2025-08-09 13:06,1.23,mm,46.4,TEAM_B,pass,false,false,quality_system
QI-0008,CMP-0007,TSK-001,F07-A,wall_panel,1,2025-07-20 10:15,2025-07-20 12:20,2025-07-20 22:01,1.05,mm,49.0,TEAM_B,pass,false,false,quality_system
QI-0010,CMP-0008,TSK-001,F08-A,wall_panel,1,2025-03-25 15:00,N/A,2025-03-27 04:55,3.79,mm,36.7,TEAM_B,fail,true,false,quality_app
QI-0177,CMP-0148,TSK-015,F08-C,column,1,2025-08-25 08:00,2025-08-26 03:50,2025-08-26 07:37,1.63,mm,44.6,TEAM_B,pass,N/A,false,site_tablet
QI-0104,CMP-0087,TSK-009,F07-C,column,2,2025-05-30 08:30,2025-06-03 16:00,2025-06-04 18:31,1.91,mm,52.1,N/A,pass,true,false,quality_app
QI-0075,CMP-0062,TSK-007,F02-A,stair,NA,2025-05-22 15:15,2025-05-23 02:54,2025-05-24 09:56,0.96,mm,53.8,TEAM_A,pass,false,false,site_tablet
QI-0065,CMP-0055,TSK-006,F05-C,wall_panel,1,2025-05-26 13:00,2025-05-26 14:38,2025-05-26 16:31,5.43,mm,-6.1,TEAM_A,fail,true,false,quality_app
QI-0359,CMP-0300,TSK-030,F10-C,slab,1,2025-06-27 13:15,2025-06-27 15:52,2025-06-29 09:33,4.08,mm,44.7,TEAM_C,fail,false,false,quality_system
QI-0252,CMP-0213,TSK-022,F03-A,slab,1,2025-05-23 08:45,2025-05-23 18:39,2025-05-25 04:22,1.78,mm,61.4,TEAM_C,,false,false,quality_app
QI-0356,CMP-0298,TSK-030,F08-C,slab,1,2025-04-05 13:00,2025-04-05 09:00,2025-04-06 14:35,3.03,mm,39.3,TEAM_A,fail,true,false,site_tablet
QI-0316,CMP-0265,TSK-027,F05-C,column,1,2025-07-29 10:00,2025-07-29 22:07,2025-07-31 11:59,0.360,cm,44.6,TEAM_A,pass,false,false,quality_app
QI-0329,CMP-0276,TSK-028,F06-A,column,1,2025-03-07 12:45,2025-03-08 03:28,2025-03-08 22:57,2.31,mm,38.1,TEAM_A,NA,true,false,quality_system
QI-0185,CMP-0155,TSK-016,F05-A,slab,1,2025-07-04 16:45,2025-07-04 20:58,2025-07-05 00:29,3.60,mm,44.5,TEAM_C,pass,否,false,quality_system
QI-0042,CMP-0035,TSK-004,F05-A,wall_panel,2,2025-05-09 07:00,2025-05-13 10:00,2025-05-14 15:09,2.35,mm,49.2,TEAM_C,N/A,true,false,site_tablet
QI-0145,CMP-0121,TSK-013,F01-A,wall_panel,1,2025-03-05 15:15,2025-03-06 04:33,2025-03-07 19:51,1.93,mm,55.2,TEAM_B,pass,false,false,quality_app
QI-0253,CMP-0214,TSK-022,F04-A,slab,1,2025-05-08 13:00,2025-05-08 14:46,2025-05-10 07:35,0.029,cm,37.4,TEAM_B,fail,true,false,site_tablet
QI-0071,CMP-0059,TSK-006,F09-C,wall_panel,2,2025-03-20 13:15,2025-03-26 16:06,2025-03-27 14:07,2.89,mm,48.8,TEAM_A,pass,false,false,quality_app
QI-0227,CMP-0190,TSK-019,F10-A,beam,1,2025-06-17 09:30,2025-06-17 17:50,2025-06-18 15:12,3.55,mm,52.2,TEAM_C,pass,false,false,quality_system
QI-0062,CMP-0052,TSK-006,F02-C,column,1,2025-08-29 11:30,2025-08-30 07:00,2025-09-01 03:10,2.94,mms?,52.1,TEAM_C,pass,false,false,site_tablet
QI-0278,CMP-0235,TSK-024,F05-C,column,1,2025-05-03 14:30,2025-05-03 22:16,2025-05-04 22:58,5.05,mm,37.5,TEAM_A,fail,true,false,quality_app
QI-0244,CMP-0206,TSK-021,F06-C,wall_panel,1,2025-06-30 11:45,2025-06-30 23:15,2025-07-01 20:21,4.27,mm,47.3,TEAM_B,pass,false,false,site_tablet
QI-0238,CMP-0201,TSK-021,F01-C,slab,1,2025-04-05 09:45,2025-04-05 12:39,2025-04-05 14:54,78.63,mm,36.1,TEAM_C,fail,true,false,quality_app
QI-0232,CMP-0195,TSK-020,F05-B,wall_panel,1,2025-06-21 09:30,2025-06-21 13:32,2025-06-21 20:30,3.46,mm,59.8,TEAM_C,pass,false,false,site_tablet
QI-0126,CMP-0106,TSK-011,F06-B,beam,1,2025-05-23 09:15,2025-05-23 15:30,2025-05-24 06:22,3.45,mm,39.4,TEAM_A,fail,true,false,quality_system
QI-0221,CMP-0186,TSK-019,F06-A,wall_panel,1,2025-08-23 09:15,2025-08-23 10:21,2025-08-24 18:52,4.45,mm,40.4,Team C,pass,false,false,quality_app
QI-0327,CMP-0274,TSK-028,F04-A,slab,1,2025-05-11 15:15,NA,2025-05-13 08:57,4.11,mm,45.0,TEAM_C,pass,false,false,site_tablet
QI-0248,CMP-0210,TSK-021,F10-C,column,1,2025-08-20 14:45,2025-08-20 22:07,2025-08-21 14:03,4.11,mm,113.7,TEAM_B,pass,false,false,quality_system
QI-0169,CMP-0140,TSK-014,F10-B,slab,2,2025-04-11 11:00,2025-04-13 15:24,2025-04-13 19:24,3.68,mm,52.1,TEAM_A,通过,true,false,quality_system
QI-0193,CMP-0163,TSK-017,F03-B,column,1,2025-03-24 08:00,2025-03-24 17:34,2025-03-26 01:09,6.17,mm,53.9,TEAM_A,不通过,true,false,quality_system
QI-0027,CMP-0024,TSK-003,F04-C,beam,1,2025-06-20 07:30,2025-06-21 02:56,2025-06-21 17:23,4.28,mm,41.7,TEAM_A,pass,false,false,quality_system
QI-0139,CMP-0116,TSK-012,F06-C,beam,1,2025-07-12 12:45,2025-07-13 08:10,2025-07-14 07:35,0.330,cm,32.8,TEAM_C,fail,true,false,quality_system
QI-0166,CMP-0138,TSK-014,F08-B,wall_panel,1,2025-05-01 09:00,2025-05-02 01:54,2025-05-02 23:13,4.97,mm,46.2,,pass,false,false,site_tablet
QI-0210,CMP-0176,TSK-018,F06-C,wall_panel,1,2025-02-30,2025-06-05 02:59,2025-06-05 21:45,6.50,mm,40.4,TEAM_A,fail,true,false,quality_app
QI-0025,CMP-0022,TSK-003,F02-C,wall_panel,1,2025-07-01 16:45,2025-07-02 08:37,2025-07-03 13:59,5.29,mm,51.2,TEAM_B,pass,true,false,quality_app
QI-0124,CMP-0104,TSK-011,F04-B,wall_panel,1,2025-07-30 16:30,2025-07-31 04:18,2025-08-01 23:21,3.55,mm,41.1,TEAM_A,pass,false,false,quality_app
QI-0360,CMP-0300,TSK-030,F10-C,slab,2,2025-06-27 13:15,2025-07-01 18:18,2025-07-03 10:00,62.29,mm,48.7,TEAM_B,pass,true,false,quality_app
QI-0053,CMP-0044,TSK-005,F04-B,slab,1,2025-07-02 07:45,2025-07-02 14:33,2025-07-03 06:16,4.64,mm,59.8,TEAM_B,PASS,false,false,quality_system
QI-0216,CMP-0182,TSK-019,F02-A,slab,1,2025-08-07 08:45,--,2025-08-08 10:31,4.92,mm,48.3,TEAM_A,pass,false,false,site_tablet
QI-0287,CMP-0242,TSK-025,F02-A,wall_panel,2,2025-04-07 07:45,2025-04-11 09:54,2025-04-12 08:26,3.71,mm,54.9,TEAM_B,fail,true,false,quality_system
QI-0208,CMP-0174,TSK-018,F04-C,column,1,2025-08-01 13:45,2025-08-01 23:17,2025-08-03 20:12,3.89,mm,51.1,Team A,pass,false,false,quality_system
QI-0344,CMP-0289,TSK-029,F09-B,wall_panel,2,2025-03-17 16:45,2025-03-22 19:26,2025-03-23 19:59,9.98,mm,43.5,TEAM_C,fail,true,false,site_tablet
QI-0309,CMP-0258,TSK-026,F08-B,stair,1,2025-05-25 10:15,2025-05-25 14:15,2025-05-26 04:14,4.73,mm,47.9,TEAM_C,pass,,false,quality_app
QI-0015,CMP-0013,TSK-002,F03-B,beam,1,2025-04-03 08:45,2025-04-03 23:54,2025-04-04 01:32,0.48,mm,54.0,TEAM_C,合格,false,false,quality_app
QI-0049,CMP-0041,TSK-005,F01-B,column,1,2025-04-15 15:30,2025-04-16 08:50,2025-04-16 17:13,4.79,mm,47.2,Team C,pass,false,false,site_tablet
QI-0018,CMP-0016,TSK-002,F06-B,stair,1,2025-04-19 11:00,2025-04-19 15:34,2025-04-20 23:56,4.33,mm,42.9,C班,pass,false,false,site_tablet
QI-0279,CMP-0236,TSK-024,F06-C,column,1,2025-04-21 15:30,2025-04-21 20:59,2025-04-22 11:24,5.36,mm,37.6,TEAM_B,FAIL,true,false,quality_app
QI-REV-003,CMP-0162,TSK-017,F02-B,slab,1,2025-04-14 11:15,2025-04-15 05:13,2025-04-16 16:01,2.77,mm,48.3,TEAM_C,pass,false,true,quality_app
QI-0056,CMP-0047,TSK-005,F07-B,beam,1,2025-03-16 12:00,2025-03-17 07:52,2025年03月18日 13:20,3.08,mm,36.8,TEAM_C,fail,true,false,quality_app
QI-0017,CMP-0015,TSK-002,F05-B,column,1,2025-04-04 14:45,2025-04-05 07:58,2025-04-07 01:42,0.33,mm,50.2,TEAM_A,合格,false,false,quality_system
QI-0118,CMP-0100,TSK-010,F10-A,slab,1,2025-03-10 11:00,2025-03-10 23:08,2025-03-12 15:33,5.31,mm,55.2,TEAM_C,pass,true,false,quality_app
QI-0247,CMP-0209,TSK-021,F09-C,slab,1,2025-06-21 13:15,2025-06-22 03:32,2025-06-23 02:52,4.70,mm,50.8,TEAM_C,PASS,false,false,site_tablet
QI-0289,CMP-0243,TSK-025,F03-A,column,2,2025-04-06 11:30,2025-04-08 19:09,2025-04-09 07:38,3.44,mm,43.9,TEAM_B,pass,true,false,quality_system
QI-0040,CMP-0034,TSK-004,F04-A,beam,1,2025-07-31 13:00,2025-07-31 21:55,2025-08-01 01:12,0.60,mm,44.7,TEAM_C,pass,false,false,quality_app
QI-0148,CMP-0123,TSK-013,F03-A,beam,1,2025-07-28 13:00,2025-07-28 23:06,2025-07-30 19:17,3.92,mm,39.9,TEAM_B,fail,true,false,quality_system
QI-0273,CMP-0230,TSK-023,F10-B,slab,1,2025-03-20 14:30,2025-03-21 01:42,2025-03-21 06:26,2.88,mm,52.5,TEAM_B,fail,false,false,quality_app
QI-0270,CMP-0227,TSK-023,F07-B,wall_panel,1,2025-05-31 15:00,01-06-2025 10:32,2025-06-02 02:26,1.73,mm,45.2,TEAM_B,pass,false,false,site_tablet
