project_id,date,zone_id,construction_stage,electricity_kwh,diesel_l,equipment_hours,active_workers,temperature_c,rainfall_mm,electricity_factor_kgco2e_kwh,diesel_factor_kgco2e_l,carbon_kgco2e,data_quality_flag
PRJ-QM-001,2025-03-03,A,site_preparation,226.08,42.13,9.9,16,12.4,6.4,0.55,2.68,237.25,ok
PRJ-QM-001,2025-03-03,B,site_preparation,203.54,45.26,10.6,19,12.4,6.4,0.55,2.68,233.24,ok
PRJ-QM-001,2025-03-03,C,site_preparation,229.82,47.03,10.7,13,12.4,6.4,0.55,2.68,252.44,ok
PRJ-QM-001,2025-03-04,A,site_preparation,204.97,52.63,10.0,19,12.9,17.5,0.55,2.68,253.78,ok
PRJ-QM-001,2025-03-04,B,site_preparation,240.11,41.82,5.9,20,12.9,17.5,0.55,2.68,244.14,ok
PRJ-QM-001,2025-03-04,C,site_preparation,234.97,54.83,12.7,15,12.9,17.5,0.55,2.68,276.18,ok
PRJ-QM-001,2025-03-05,A,site_preparation,265.69,55.33,12.0,18,11.3,0.0,0.55,2.68,294.41,ok
PRJ-QM-001,2025-03-05,B,site_preparation,215.94,67.13,12.1,18,11.3,0.0,0.55,2.68,298.68,ok
PRJ-QM-001,2025-03-05,C,site_preparation,142.98,34.87,8.5,10,11.3,0.0,0.55,2.68,172.09,ok
PRJ-QM-001,2025-03-06,A,site_preparation,213.57,45.29,10.5,19,12.2,0.0,0.55,2.68,238.84,ok
PRJ-QM-001,2025-03-06,B,site_preparation,255.94,48.77,12.3,23,12.2,0.0,0.55,2.68,271.47,ok
PRJ-QM-001,2025-03-06,C,site_preparation,231.76,34.41,12.4,14,12.2,0.0,0.55,2.68,219.69,ok
PRJ-QM-001,2025-03-07,A,site_preparation,189.13,52.52,11.1,22,11.9,0.0,0.55,2.68,244.78,ok
PRJ-QM-001,2025-03-07,B,site_preparation,230.66,49.37,12.4,21,11.9,0.0,0.55,2.68,259.17,ok
PRJ-QM-001,2025-03-07,C,site_preparation,163.35,39.22,9.7,13,11.9,0.0,0.55,2.68,194.95,ok
PRJ-QM-001,2025-03-08,A,site_preparation,145.15,38.4,6.0,15,11.2,0.0,0.55,2.68,182.74,ok
PRJ-QM-001,2025-03-08,B,site_preparation,111.1,42.55,5.2,12,11.2,0.0,0.55,2.68,175.14,ok
PRJ-QM-001,2025-03-08,C,site_preparation,179.87,39.95,6.7,15,11.2,0.0,0.55,2.68,205.99,ok
PRJ-QM-001,2025-03-09,A,site_preparation,134.9,44.23,5.9,10,12.1,0.0,0.55,2.68,192.73,ok
PRJ-QM-001,2025-03-09,B,site_preparation,154.87,31.24,7.5,3,12.1,0.0,0.55,2.68,168.9,ok
PRJ-QM-001,2025-03-09,C,site_preparation,85.43,23.47,4.4,6,12.1,0.0,0.55,2.68,109.89,ok
PRJ-QM-001,2025-03-10,A,site_preparation,213.47,45.12,11.2,18,11.7,0.0,0.55,2.68,238.33,ok
PRJ-QM-001,2025-03-10,B,site_preparation,153.37,48.84,9.4,19,11.7,0.0,0.55,2.68,215.24,ok
PRJ-QM-001,2025-03-10,C,site_preparation,173.57,36.75,9.5,18,11.7,0.0,0.55,2.68,193.95,ok
PRJ-QM-001,2025-03-11,A,site_preparation,239.84,43.78,13.4,19,12.9,0.0,0.55,2.68,249.24,ok
PRJ-QM-001,2025-03-11,B,site_preparation,221.24,43.97,8.8,18,12.9,0.0,0.55,2.68,239.52,ok
PRJ-QM-001,2025-03-11,C,site_preparation,280.84,29.36,10.1,22,12.9,0.0,0.55,2.68,233.15,ok
PRJ-QM-001,2025-03-12,A,site_preparation,272.04,52.73,14.9,20,14.1,2.1,0.55,2.68,290.94,ok
PRJ-QM-001,2025-03-12,B,site_preparation,227.74,64.11,15.3,17,14.1,2.1,0.55,2.68,297.07,ok
PRJ-QM-001,2025-03-12,C,site_preparation,127.81,33.33,6.5,15,14.1,2.1,0.55,2.68,159.62,ok
PRJ-QM-001,2025-03-13,A,site_preparation,265.22,61.69,13.0,19,13.6,0.0,0.55,2.68,311.2,ok
PRJ-QM-001,2025-03-13,B,site_preparation,184.31,55.38,12.9,23,13.6,0.0,0.55,2.68,249.79,ok
PRJ-QM-001,2025-03-13,C,site_preparation,228.71,49.63,13.7,14,13.6,0.0,0.55,2.68,258.8,ok
PRJ-QM-001,2025-03-14,A,site_preparation,224.94,27.43,9.7,18,13.0,0.0,0.55,2.68,197.23,ok
PRJ-QM-001,2025-03-14,B,site_preparation,221.53,50.81,13.2,18,13.0,0.0,0.55,2.68,258.01,ok
PRJ-QM-001,2025-03-14,C,site_preparation,173.15,39.26,9.1,15,13.0,0.0,0.55,2.68,200.45,ok
PRJ-QM-001,2025-03-15,A,site_preparation,150.21,46.08,9.3,22,14.2,0.0,0.55,2.68,206.11,ok
PRJ-QM-001,2025-03-15,B,site_preparation,230.86,38.73,11.0,16,14.2,0.0,0.55,2.68,230.77,ok
PRJ-QM-001,2025-03-15,C,site_preparation,126.1,26.98,5.3,13,14.2,0.0,0.55,2.68,141.66,ok
PRJ-QM-001,2025-03-16,A,site_preparation,103.26,24.26,0.5,7,14.9,0.0,0.55,2.68,121.81,ok
PRJ-QM-001,2025-03-16,B,site_preparation,150.27,24.0,7.4,9,14.9,0.0,0.55,2.68,146.97,ok
PRJ-QM-001,2025-03-16,C,site_preparation,76.73,24.39,4.4,8,14.9,0.0,0.55,2.68,107.57,ok
PRJ-QM-001,2025-03-17,A,site_preparation,265.43,40.83,11.4,23,13.5,0.0,0.55,2.68,255.41,ok
PRJ-QM-001,2025-03-17,B,site_preparation,144.22,40.74,7.3,11,13.5,0.0,0.55,2.68,188.5,ok
PRJ-QM-001,2025-03-17,C,site_preparation,166.66,46.86,5.3,19,13.5,0.0,0.55,2.68,217.25,ok
PRJ-QM-001,2025-03-18,A,site_preparation,253.47,49.82,12.6,18,15.4,0.0,0.55,2.68,272.93,ok
PRJ-QM-001,2025-03-18,B,site_preparation,,31.29,6.6,19,15.4,0.0,0.55,2.68,,missing_electricity
PRJ-QM-001,2025-03-18,C,site_preparation,168.64,54.41,6.9,14,15.4,0.0,0.55,2.68,238.57,ok
PRJ-QM-001,2025-03-19,A,site_preparation,210.35,53.09,11.0,28,14.4,0.0,0.55,2.68,257.97,ok
PRJ-QM-001,2025-03-19,B,site_preparation,207.72,44.01,10.4,25,14.4,0.0,0.55,2.68,232.19,ok
PRJ-QM-001,2025-03-19,C,site_preparation,204.42,40.75,11.4,18,14.4,0.0,0.55,2.68,221.64,ok
PRJ-QM-001,2025-03-20,A,site_preparation,178.54,68.41,10.8,15,16.0,0.0,0.55,2.68,281.54,ok
PRJ-QM-001,2025-03-20,B,site_preparation,199.65,31.04,9.2,14,16.0,0.0,0.55,2.68,192.99,ok
PRJ-QM-001,2025-03-20,C,site_preparation,167.85,40.91,9.4,15,16.0,0.0,0.55,2.68,201.96,ok
PRJ-QM-001,2025-03-21,A,site_preparation,203.6,41.77,10.1,21,13.5,1.7,0.55,2.68,223.92,ok
PRJ-QM-001,2025-03-21,B,site_preparation,228.68,28.04,7.1,19,13.5,1.7,0.55,2.68,200.92,ok
PRJ-QM-001,2025-03-21,C,site_preparation,213.59,33.1,13.4,10,13.5,1.7,0.55,2.68,206.18,ok
PRJ-QM-001,2025-03-22,A,site_preparation,178.81,37.11,7.1,12,13.2,0.0,0.55,2.68,197.8,ok
PRJ-QM-001,2025-03-22,B,site_preparation,187.02,30.44,9.6,12,13.2,0.0,0.55,2.68,184.44,ok
PRJ-QM-001,2025-03-22,C,site_preparation,84.66,21.66,2.5,13,13.2,0.0,0.55,2.68,104.61,ok
PRJ-QM-001,2025-03-23,A,site_preparation,115.18,27.11,4.7,13,12.9,0.0,0.55,2.68,136.0,ok
PRJ-QM-001,2025-03-23,B,site_preparation,82.57,30.85,2.9,2,12.9,0.0,0.55,2.68,128.09,ok
PRJ-QM-001,2025-03-23,C,site_preparation,118.94,9.68,4.7,4,12.9,0.0,0.55,2.68,91.36,ok
PRJ-QM-001,2025-03-24,A,site_preparation,264.37,41.03,12.6,19,14.6,0.0,0.55,2.68,255.36,ok
PRJ-QM-001,2025-03-24,B,site_preparation,235.7,42.52,10.8,18,14.6,0.0,0.55,2.68,243.59,ok
PRJ-QM-001,2025-03-24,C,site_preparation,209.01,31.85,9.0,14,14.6,0.0,0.55,2.68,200.31,ok
PRJ-QM-001,2025-03-25,A,site_preparation,174.34,57.05,11.9,16,14.0,9.8,0.55,2.68,248.78,ok
PRJ-QM-001,2025-03-25,B,site_preparation,262.14,33.14,7.0,14,14.0,9.8,0.55,2.68,232.99,ok
PRJ-QM-001,2025-03-25,C,site_preparation,209.33,34.96,13.3,9,14.0,9.8,0.55,2.68,208.82,ok
PRJ-QM-001,2025-03-26,A,site_preparation,234.7,39.92,9.6,21,12.3,10.8,0.55,2.68,236.07,ok
PRJ-QM-001,2025-03-26,B,site_preparation,217.69,32.04,6.4,5,12.3,10.8,0.55,2.68,205.6,ok
PRJ-QM-001,2025-03-26,C,site_preparation,192.0,28.06,7.3,14,12.3,10.8,0.55,2.68,180.8,ok
PRJ-QM-001,2025-03-27,A,site_preparation,230.67,44.91,8.7,20,13.5,11.1,0.55,2.68,247.23,ok
PRJ-QM-001,2025-03-27,B,site_preparation,221.49,33.18,10.6,15,13.5,11.1,0.55,2.68,210.74,ok
PRJ-QM-001,2025-03-27,C,site_preparation,204.57,37.42,5.9,14,13.5,11.1,0.55,2.68,212.8,ok
PRJ-QM-001,2025-03-28,A,site_preparation,233.26,49.67,10.8,16,14.0,19.4,0.55,2.68,261.41,ok
PRJ-QM-001,2025-03-28,B,site_preparation,216.71,35.18,6.9,14,14.0,19.4,0.55,2.68,213.47,ok
PRJ-QM-001,2025-03-28,C,site_preparation,113.57,52.73,4.4,8,14.0,19.4,0.55,2.68,203.78,ok
PRJ-QM-001,2025-03-29,A,site_preparation,155.42,37.22,6.2,11,15.0,0.0,0.55,2.68,185.23,ok
PRJ-QM-001,2025-03-29,B,site_preparation,162.36,17.36,6.6,15,15.0,0.0,0.55,2.68,135.82,ok
PRJ-QM-001,2025-03-29,C,site_preparation,97.72,29.67,4.9,8,15.0,0.0,0.55,2.68,133.26,ok
PRJ-QM-001,2025-03-30,A,site_preparation,120.58,21.71,2.7,12,13.5,0.0,0.55,2.68,124.5,ok
PRJ-QM-001,2025-03-30,B,site_preparation,97.6,22.97,5.4,8,13.5,0.0,0.55,2.68,115.24,ok
PRJ-QM-001,2025-03-30,C,site_preparation,117.18,32.23,3.3,6,13.5,0.0,0.55,2.68,150.83,ok
PRJ-QM-001,2025-03-31,A,site_preparation,242.9,62.39,15.3,18,15.0,0.0,0.55,2.68,300.8,ok
PRJ-QM-001,2025-03-31,B,site_preparation,203.88,50.66,9.6,16,15.0,0.0,0.55,2.68,247.9,ok
PRJ-QM-001,2025-03-31,C,site_preparation,151.91,32.32,7.2,11,15.0,0.0,0.55,2.68,170.17,ok
PRJ-QM-001,2025-04-01,A,site_preparation,176.18,37.74,9.9,19,15.6,0.0,0.55,2.68,198.04,ok
PRJ-QM-001,2025-04-01,B,site_preparation,216.67,51.16,12.2,19,15.6,0.0,0.55,2.68,256.28,ok
PRJ-QM-001,2025-04-01,C,site_preparation,237.77,36.55,11.6,17,15.6,0.0,0.55,2.68,228.73,ok
PRJ-QM-001,2025-04-02,A,foundation,379.4,88.5,20.5,37,15.9,0.0,0.55,2.68,445.85,ok
PRJ-QM-001,2025-04-02,B,foundation,369.15,102.13,19.1,36,15.9,0.0,0.55,2.68,476.74,ok
PRJ-QM-001,2025-04-02,C,foundation,346.68,76.96,18.4,35,15.9,0.0,0.55,2.68,396.93,ok
PRJ-QM-001,2025-04-03,A,foundation,400.08,87.75,18.5,34,15.4,5.8,0.55,2.68,455.21,ok
PRJ-QM-001,2025-04-03,B,foundation,362.77,87.44,15.3,30,15.4,5.8,0.55,2.68,433.86,ok
PRJ-QM-001,2025-04-03,C,foundation,350.16,61.94,18.9,23,15.4,5.8,0.55,2.68,358.59,ok
PRJ-QM-001,2025-04-04,A,foundation,367.65,102.83,20.9,39,18.7,0.0,0.55,2.68,477.79,ok
PRJ-QM-001,2025-04-04,B,foundation,388.48,90.82,20.9,32,18.7,0.0,0.55,2.68,457.06,ok
PRJ-QM-001,2025-04-04,C,foundation,360.49,88.48,16.6,30,18.7,0.0,0.55,2.68,435.4,ok
PRJ-QM-001,2025-04-05,A,foundation,381.56,110.78,19.9,27,17.5,0.0,0.55,2.68,506.75,ok
PRJ-QM-001,2025-04-05,B,foundation,266.38,78.09,12.3,21,17.5,0.0,0.55,2.68,355.79,ok
PRJ-QM-001,2025-04-05,C,foundation,312.87,57.57,18.0,28,17.5,0.0,0.55,2.68,326.37,ok
PRJ-QM-001,2025-04-06,A,foundation,265.79,70.78,11.3,21,18.1,0.0,0.55,2.68,335.87,ok
PRJ-QM-001,2025-04-06,B,foundation,234.25,55.51,11.7,11,18.1,0.0,0.55,2.68,277.6,ok
PRJ-QM-001,2025-04-06,C,foundation,211.45,47.86,5.7,16,18.1,0.0,0.55,2.68,244.56,ok
PRJ-QM-001,2025-04-07,A,foundation,500.58,131.74,26.1,48,17.5,0.0,0.55,2.68,628.38,ok
PRJ-QM-001,2025-04-07,B,foundation,386.72,91.81,19.8,30,17.5,0.0,0.55,2.68,458.75,ok
PRJ-QM-001,2025-04-07,C,foundation,421.23,95.41,19.9,35,17.5,0.0,0.55,2.68,487.38,ok
PRJ-QM-001,2025-04-08,A,foundation,505.9,131.78,30.9,52,18.5,0.0,0.55,2.68,631.42,ok
PRJ-QM-001,2025-04-08,B,foundation,414.68,107.05,24.3,43,18.5,0.0,0.55,2.68,514.97,ok
PRJ-QM-001,2025-04-08,C,foundation,358.08,101.75,21.6,37,18.5,0.0,0.55,2.68,469.63,ok
PRJ-QM-001,2025-04-09,A,foundation,1072.54,104.72,20.8,51,21.0,0.0,0.55,2.68,870.55,ok
PRJ-QM-001,2025-04-09,B,foundation,369.48,102.87,18.1,32,21.0,0.0,0.55,2.68,478.91,ok
PRJ-QM-001,2025-04-09,C,foundation,321.11,87.01,18.2,29,21.0,0.0,0.55,2.68,409.8,ok
PRJ-QM-001,2025-04-10,A,foundation,436.3,123.06,23.2,42,19.4,5.3,0.55,2.68,569.77,ok
PRJ-QM-001,2025-04-10,B,foundation,393.27,102.35,21.5,36,19.4,5.3,0.55,2.68,490.6,ok
PRJ-QM-001,2025-04-10,C,foundation,368.14,84.55,21.5,33,19.4,5.3,0.55,2.68,429.07,ok
PRJ-QM-001,2025-04-11,A,foundation,410.64,113.04,24.0,37,19.0,0.0,0.55,2.68,528.8,ok
PRJ-QM-001,2025-04-11,B,foundation,409.2,107.44,22.0,36,19.0,0.0,0.55,2.68,513.0,ok
PRJ-QM-001,2025-04-11,C,foundation,361.74,86.71,18.2,30,19.0,0.0,0.55,2.68,431.34,ok
PRJ-QM-001,2025-04-12,A,foundation,316.2,91.72,16.6,25,18.0,0.0,0.55,2.68,419.72,ok
PRJ-QM-001,2025-04-12,B,foundation,202.32,77.43,10.6,22,18.0,0.0,0.55,2.68,318.79,ok
PRJ-QM-001,2025-04-12,C,foundation,258.84,71.8,12.5,21,18.0,0.0,0.55,2.68,334.79,ok
PRJ-QM-001,2025-04-13,A,foundation,220.55,73.95,8.9,11,19.5,0.0,0.55,2.68,319.49,ok
PRJ-QM-001,2025-04-13,B,foundation,248.57,74.64,10.1,9,19.5,0.0,0.55,2.68,336.75,ok
PRJ-QM-001,2025-04-13,C,foundation,155.64,33.78,5.1,14,19.5,0.0,0.55,2.68,176.13,ok
PRJ-QM-001,2025-04-14,A,foundation,414.94,112.09,21.3,37,17.2,0.0,0.55,2.68,528.62,ok
PRJ-QM-001,2025-04-14,B,foundation,384.19,99.53,20.6,35,17.2,0.0,0.55,2.68,478.04,ok
PRJ-QM-001,2025-04-14,C,foundation,315.32,70.74,16.1,29,17.2,0.0,0.55,2.68,363.01,ok
PRJ-QM-001,2025-04-15,A,foundation,470.03,104.08,23.0,37,19.2,2.6,0.55,2.68,537.45,ok
PRJ-QM-001,2025-04-15,B,foundation,396.67,109.53,24.5,46,19.2,2.6,0.55,2.68,511.71,ok
PRJ-QM-001,2025-04-15,C,foundation,329.75,92.84,17.5,27,19.2,2.6,0.55,2.68,430.17,ok
PRJ-QM-001,2025-04-16,A,foundation,468.96,120.32,26.6,39,17.3,0.0,0.55,2.68,580.39,ok
PRJ-QM-001,2025-04-16,B,foundation,325.38,92.0,19.9,39,17.3,0.0,0.55,2.68,425.52,ok
PRJ-QM-001,2025-04-16,C,foundation,370.75,87.78,20.9,38,17.3,0.0,0.55,2.68,439.16,ok
PRJ-QM-001,2025-04-17,A,foundation,473.41,118.04,26.6,39,16.7,0.0,0.55,2.68,576.72,ok
PRJ-QM-001,2025-04-17,B,foundation,446.36,111.75,25.2,39,16.7,0.0,0.55,2.68,544.99,ok
PRJ-QM-001,2025-04-17,C,foundation,480.32,107.11,23.4,30,16.7,0.0,0.55,2.68,551.23,ok
PRJ-QM-001,2025-04-18,A,foundation,363.9,86.44,16.1,36,16.7,0.0,0.55,2.68,431.8,ok
PRJ-QM-001,2025-04-18,B,foundation,379.02,81.88,19.1,35,16.7,0.0,0.55,2.68,427.9,ok
PRJ-QM-001,2025-04-18,C,foundation,329.06,91.65,15.0,26,16.7,0.0,0.55,2.68,426.61,ok
PRJ-QM-001,2025-04-19,A,foundation,390.05,112.97,24.1,37,17.3,0.0,0.55,2.68,517.29,ok
PRJ-QM-001,2025-04-19,B,foundation,349.83,87.08,15.6,28,17.3,0.0,0.55,2.68,425.78,ok
PRJ-QM-001,2025-04-19,C,foundation,298.75,77.38,14.5,26,17.3,0.0,0.55,2.68,371.69,ok
PRJ-QM-001,2025-04-20,A,foundation,261.0,68.65,7.6,15,18.9,0.5,0.55,2.68,327.53,ok
PRJ-QM-001,2025-04-20,B,foundation,183.15,47.43,7.0,11,18.9,0.5,0.55,2.68,227.84,ok
PRJ-QM-001,2025-04-20,C,foundation,151.42,,5.4,15,18.9,0.5,0.55,2.68,,missing_diesel
PRJ-QM-001,2025-04-21,A,foundation,407.04,113.98,21.1,41,19.7,0.0,0.55,2.68,529.34,ok
PRJ-QM-001,2025-04-21,B,foundation,350.72,100.22,22.9,38,19.7,0.0,0.55,2.68,461.49,ok
PRJ-QM-001,2025-04-21,C,foundation,314.86,91.77,22.1,33,19.7,0.0,0.55,2.68,419.12,ok
PRJ-QM-001,2025-04-22,A,foundation,405.01,112.75,24.5,39,19.4,0.0,0.55,2.68,524.93,ok
PRJ-QM-001,2025-04-22,B,foundation,362.71,83.38,18.5,37,19.4,0.0,0.55,2.68,422.95,ok
PRJ-QM-001,2025-04-22,C,foundation,358.14,86.83,18.8,35,19.4,0.0,0.55,2.68,429.68,ok
PRJ-QM-001,2025-04-23,A,foundation,432.59,108.2,23.8,37,20.7,0.0,0.55,2.68,527.9,ok
PRJ-QM-001,2025-04-23,B,foundation,343.8,101.73,22.6,26,20.7,0.0,0.55,2.68,461.73,ok
PRJ-QM-001,2025-04-23,C,foundation,318.9,77.13,17.6,32,20.7,0.0,0.55,2.68,382.1,ok
PRJ-QM-001,2025-04-24,A,foundation,402.62,93.88,19.6,41,21.1,0.0,0.55,2.68,473.04,ok
PRJ-QM-001,2025-04-24,B,foundation,372.93,80.0,14.8,35,21.1,0.0,0.55,2.68,419.51,ok
PRJ-QM-001,2025-04-24,C,foundation,394.98,100.0,20.0,35,21.1,0.0,0.55,2.68,485.24,ok
PRJ-QM-001,2025-04-25,A,foundation,519.52,111.74,26.9,39,23.8,0.0,0.55,2.68,585.2,ok
PRJ-QM-001,2025-04-25,B,foundation,294.19,91.15,18.4,29,23.8,0.0,0.55,2.68,406.09,ok
PRJ-QM-001,2025-04-25,C,foundation,338.31,91.96,21.6,29,23.8,0.0,0.55,2.68,432.52,ok
PRJ-QM-001,2025-04-26,A,foundation,340.72,91.54,17.7,31,22.5,0.0,0.55,2.68,432.72,ok
PRJ-QM-001,2025-04-26,B,foundation,356.41,84.61,17.3,30,22.5,0.0,0.55,2.68,422.78,ok
PRJ-QM-001,2025-04-26,C,foundation,241.18,76.51,13.9,20,22.5,0.0,0.55,2.68,337.7,ok
PRJ-QM-001,2025-04-27,A,foundation,236.16,60.36,10.7,17,21.3,0.0,0.55,2.68,291.65,ok
PRJ-QM-001,2025-04-27,B,foundation,208.34,51.08,7.9,19,21.3,0.0,0.55,2.68,251.48,ok
PRJ-QM-001,2025-04-27,C,foundation,122.0,52.37,0.5,9,21.3,0.0,0.55,2.68,207.45,ok
PRJ-QM-001,2025-04-28,A,foundation,409.23,103.49,23.6,40,23.6,0.0,0.55,2.68,502.43,ok
PRJ-QM-001,2025-04-28,B,foundation,423.62,107.45,22.3,40,23.6,0.0,0.55,2.68,520.96,ok
PRJ-QM-001,2025-04-28,C,foundation,343.25,90.83,16.4,34,23.6,0.0,0.55,2.68,432.21,ok
PRJ-QM-001,2025-04-29,A,foundation,379.04,111.25,20.4,36,23.8,4.7,0.55,2.68,506.62,ok
PRJ-QM-001,2025-04-29,B,foundation,372.3,93.05,18.7,33,23.8,4.7,0.55,2.68,454.14,ok
PRJ-QM-001,2025-04-29,C,foundation,365.51,73.1,18.9,28,23.8,4.7,0.55,2.68,396.94,ok
PRJ-QM-001,2025-04-30,A,foundation,393.66,119.04,20.2,33,24.2,10.4,0.55,2.68,535.54,ok
PRJ-QM-001,2025-04-30,B,foundation,317.33,85.63,13.0,25,24.2,10.4,0.55,2.68,404.02,ok
PRJ-QM-001,2025-04-30,C,foundation,329.39,86.16,14.1,35,24.2,10.4,0.55,2.68,412.07,ok
PRJ-QM-001,2025-05-01,A,foundation,416.09,113.8,22.9,36,25.0,0.0,0.55,2.68,533.83,ok
PRJ-QM-001,2025-05-01,B,foundation,377.62,104.96,18.6,33,25.0,0.0,0.55,2.68,488.98,ok
PRJ-QM-001,2025-05-01,C,foundation,327.3,77.59,16.1,27,25.0,0.0,0.55,2.68,387.96,ok
PRJ-QM-001,2025-05-02,A,foundation,427.73,111.69,25.7,40,22.8,3.8,0.55,2.68,534.58,ok
PRJ-QM-001,2025-05-02,B,foundation,364.78,88.84,17.1,31,22.8,3.8,0.55,2.68,438.72,ok
PRJ-QM-001,2025-05-02,C,foundation,345.79,90.79,21.0,31,22.8,3.8,0.55,2.68,433.5,ok
PRJ-QM-001,2025-05-03,A,foundation,400.45,90.86,20.6,32,21.6,0.0,0.55,2.68,463.75,ok
PRJ-QM-001,2025-05-03,B,foundation,264.65,71.01,12.8,26,21.6,0.0,0.55,2.68,335.86,ok
PRJ-QM-001,2025-05-03,C,foundation,299.57,73.97,16.1,24,21.6,0.0,0.55,2.68,363.0,ok
PRJ-QM-001,2025-05-04,A,foundation,272.95,78.71,10.1,23,23.6,0.0,0.55,2.68,361.07,ok
PRJ-QM-001,2025-05-04,B,foundation,238.13,66.69,11.7,15,23.6,0.0,0.55,2.68,309.7,ok
PRJ-QM-001,2025-05-04,C,foundation,173.75,59.73,8.3,18,23.6,0.0,0.55,2.68,255.64,ok
PRJ-QM-001,2025-05-05,A,foundation,529.1,124.55,29.4,49,24.0,0.0,0.55,2.68,624.8,ok
PRJ-QM-001,2025-05-05,B,foundation,509.78,113.51,28.3,43,24.0,0.0,0.55,2.68,584.59,ok
PRJ-QM-001,2025-05-05,C,foundation,430.8,108.38,25.2,35,24.0,0.0,0.55,2.68,527.4,ok
PRJ-QM-001,2025-05-06,A,foundation,473.05,122.66,25.5,52,18.8,0.0,0.55,2.68,588.91,ok
PRJ-QM-001,2025-05-06,B,foundation,452.02,105.33,23.8,44,18.8,0.0,0.55,2.68,530.9,ok
PRJ-QM-001,2025-05-06,C,foundation,364.16,92.27,24.0,35,18.8,0.0,0.55,2.68,447.57,ok
PRJ-QM-001,2025-05-07,A,foundation,490.32,105.23,27.1,43,20.3,0.0,0.55,2.68,551.69,ok
PRJ-QM-001,2025-05-07,B,foundation,376.2,103.71,21.0,39,20.3,0.0,0.55,2.68,484.85,ok
PRJ-QM-001,2025-05-07,C,foundation,366.72,91.33,20.6,34,20.3,0.0,0.55,2.68,446.46,ok
PRJ-QM-001,2025-05-08,A,foundation,450.78,107.26,26.0,42,20.3,0.0,0.55,2.68,535.39,ok
PRJ-QM-001,2025-05-08,B,foundation,346.76,81.97,15.5,45,20.3,0.0,0.55,2.68,410.4,ok
PRJ-QM-001,2025-05-08,C,foundation,291.12,85.1,21.2,30,20.3,0.0,0.55,2.68,388.18,ok
PRJ-QM-001,2025-05-09,A,foundation,417.5,88.25,17.6,33,23.5,11.8,0.55,2.68,466.14,ok
PRJ-QM-001,2025-05-09,B,foundation,377.81,97.22,18.9,35,23.5,11.8,0.55,2.68,468.35,ok
PRJ-QM-001,2025-05-09,C,foundation,378.82,86.74,17.2,29,23.5,11.8,0.55,2.68,440.81,ok
PRJ-QM-001,2025-05-10,A,foundation,347.69,93.55,18.0,25,23.2,0.0,0.55,2.68,441.94,ok
PRJ-QM-001,2025-05-10,B,foundation,319.4,71.24,14.1,26,23.2,0.0,0.55,2.68,366.59,ok
PRJ-QM-001,2025-05-10,C,foundation,302.3,80.91,16.3,25,23.2,0.0,0.55,2.68,383.1,ok
PRJ-QM-001,2025-05-11,A,foundation,283.58,63.91,11.4,16,21.4,0.0,0.55,2.68,327.25,ok
PRJ-QM-001,2025-05-11,B,foundation,179.76,61.62,7.5,13,21.4,0.0,0.55,2.68,264.01,ok
PRJ-QM-001,2025-05-11,C,foundation,227.59,66.75,11.5,14,21.4,0.0,0.55,2.68,304.06,ok
PRJ-QM-001,2025-05-12,A,foundation,474.21,115.7,27.1,39,23.2,0.0,0.55,2.68,570.89,ok
PRJ-QM-001,2025-05-12,B,foundation,335.5,82.66,17.4,40,23.2,0.0,0.55,2.68,406.05,ok
PRJ-QM-001,2025-05-12,C,foundation,300.32,81.51,18.7,31,23.2,0.0,0.55,2.68,383.62,ok
PRJ-QM-001,2025-05-13,A,foundation,490.02,106.43,27.4,36,23.7,0.0,0.55,2.68,554.74,ok
PRJ-QM-001,2025-05-13,B,foundation,376.69,95.99,23.2,38,23.7,0.0,0.55,2.68,464.43,ok
PRJ-QM-001,2025-05-13,C,foundation,344.52,94.85,19.5,26,23.7,0.0,0.55,2.68,443.68,ok
PRJ-QM-001,2025-05-14,A,foundation,391.36,109.91,21.9,33,26.9,0.0,0.55,2.68,509.81,ok
PRJ-QM-001,2025-05-14,B,foundation,410.91,101.25,22.0,39,26.9,0.0,0.55,2.68,497.35,ok
PRJ-QM-001,2025-05-14,C,foundation,362.98,78.21,15.1,28,26.9,0.0,0.55,2.68,409.24,ok
PRJ-QM-001,2025-05-15,A,foundation,459.07,101.63,22.2,36,25.9,0.0,0.55,2.68,524.86,ok
PRJ-QM-001,2025-05-15,B,foundation,347.46,257.01,19.6,37,25.9,0.0,0.55,2.68,879.89,ok
PRJ-QM-001,2025-05-15,C,foundation,369.25,81.7,18.9,32,25.9,0.0,0.55,2.68,422.04,ok
PRJ-QM-001,2025-05-16,A,foundation,441.6,106.32,27.1,29,26.5,0.0,0.55,2.68,527.82,ok
PRJ-QM-001,2025-05-16,B,foundation,452.03,104.85,23.4,37,26.5,0.0,0.55,2.68,529.61,ok
PRJ-QM-001,2025-05-16,C,foundation,310.44,89.36,16.9,31,26.5,0.0,0.55,2.68,410.23,ok
PRJ-QM-001,2025-05-17,A,foundation,399.91,111.35,21.0,39,24.9,0.0,0.55,2.68,518.37,ok
PRJ-QM-001,2025-05-17,B,foundation,378.07,82.02,18.1,22,24.9,0.0,0.55,2.68,427.75,ok
PRJ-QM-001,2025-05-17,C,foundation,222.73,76.46,12.4,21,24.9,0.0,0.55,2.68,327.41,ok
PRJ-QM-001,2025-05-18,A,foundation,221.44,66.36,10.4,16,26.6,0.0,0.55,2.68,299.64,ok
PRJ-QM-001,2025-05-18,B,foundation,221.6,54.39,6.1,16,26.6,0.0,0.55,2.68,267.65,ok
PRJ-QM-001,2025-05-18,C,foundation,206.71,47.25,4.4,17,26.6,0.0,0.55,2.68,240.32,ok
PRJ-QM-001,2025-05-19,A,foundation,408.07,102.9,22.3,40,29.4,0.0,0.55,2.68,500.21,ok
PRJ-QM-001,2025-05-19,B,foundation,468.93,96.9,18.7,40,29.4,0.0,0.55,2.68,517.6,ok
PRJ-QM-001,2025-05-19,C,foundation,438.83,82.68,20.1,35,29.4,0.0,0.55,2.68,462.94,ok
PRJ-QM-001,2025-05-20,A,foundation,459.59,107.87,27.9,41,28.3,0.0,0.55,2.68,541.87,ok
PRJ-QM-001,2025-05-20,B,foundation,417.62,117.28,24.3,35,28.3,0.0,0.55,2.68,544.0,ok
PRJ-QM-001,2025-05-20,C,foundation,397.64,91.07,19.1,33,28.3,0.0,0.55,2.68,462.77,ok
PRJ-QM-001,2025-05-21,A,foundation,545.68,120.38,26.8,40,27.7,0.0,0.55,2.68,622.74,ok
PRJ-QM-001,2025-05-21,B,foundation,407.47,107.34,22.9,39,27.7,0.0,0.55,2.68,511.78,ok
PRJ-QM-001,2025-05-21,C,foundation,379.53,88.5,19.1,36,27.7,0.0,0.55,2.68,445.92,ok
PRJ-QM-001,2025-05-22,A,structure,665.33,149.19,32.8,58,26.2,0.0,0.55,2.68,765.76,ok
PRJ-QM-001,2025-05-22,B,structure,625.38,144.48,31.1,52,26.2,0.0,0.55,2.68,731.17,ok
PRJ-QM-001,2025-05-22,C,structure,489.11,109.92,26.0,42,26.2,0.0,0.55,2.68,563.6,ok
PRJ-QM-001,2025-05-23,A,structure,726.77,155.87,37.8,60,27.3,0.0,0.55,2.68,817.46,ok
PRJ-QM-001,2025-05-23,B,structure,579.45,136.03,31.3,55,27.3,0.0,0.55,2.68,683.26,ok
PRJ-QM-001,2025-05-23,C,structure,617.42,113.48,28.2,57,27.3,0.0,0.55,2.68,643.71,ok
PRJ-QM-001,2025-05-24,A,structure,610.42,103.78,26.5,45,26.3,0.0,0.55,2.68,613.86,ok
PRJ-QM-001,2025-05-24,B,structure,480.46,115.79,21.5,43,26.3,0.0,0.55,2.68,574.57,ok
PRJ-QM-001,2025-05-24,C,structure,497.03,113.09,22.7,38,26.3,0.0,0.55,2.68,576.45,ok
PRJ-QM-001,2025-05-25,A,structure,338.91,89.22,12.7,22,25.8,0.0,0.55,2.68,425.51,ok
PRJ-QM-001,2025-05-25,B,structure,267.61,71.94,9.4,20,25.8,0.0,0.55,2.68,339.98,ok
PRJ-QM-001,2025-05-25,C,structure,265.0,71.57,11.8,17,25.8,0.0,0.55,2.68,337.56,ok
PRJ-QM-001,2025-05-26,A,structure,641.18,158.75,33.1,56,25.3,0.0,0.55,2.68,778.1,ok
PRJ-QM-001,2025-05-26,B,structure,493.1,137.38,27.8,43,25.3,0.0,0.55,2.68,639.38,ok
PRJ-QM-001,2025-05-26,C,structure,465.21,99.64,24.7,38,25.3,0.0,0.55,2.68,522.9,ok
PRJ-QM-001,2025-05-27,A,structure,,170.72,37.3,65,24.2,0.0,0.55,2.68,,missing_electricity
PRJ-QM-001,2025-05-27,B,structure,610.88,136.89,28.6,64,24.2,0.0,0.55,2.68,702.85,ok
PRJ-QM-001,2025-05-27,C,structure,533.97,110.99,29.5,50,24.2,0.0,0.55,2.68,591.14,ok
PRJ-QM-001,2025-05-28,A,structure,628.16,130.39,22.7,51,22.9,19.6,0.55,2.68,694.93,ok
PRJ-QM-001,2025-05-28,B,structure,469.01,112.23,18.4,40,22.9,19.6,0.55,2.68,558.73,ok
PRJ-QM-001,2025-05-28,C,structure,446.71,95.26,15.9,41,22.9,19.6,0.55,2.68,500.99,ok
PRJ-QM-001,2025-05-29,A,structure,593.19,139.05,30.4,58,20.3,0.0,0.55,2.68,698.91,ok
PRJ-QM-001,2025-05-29,B,structure,598.28,133.47,28.1,53,20.3,0.0,0.55,2.68,686.75,ok
PRJ-QM-001,2025-05-29,C,structure,459.98,91.54,20.9,38,20.3,0.0,0.55,2.68,498.32,ok
PRJ-QM-001,2025-05-30,A,structure,645.68,139.34,34.7,57,23.6,1.1,0.55,2.68,728.56,ok
PRJ-QM-001,2025-05-30,B,structure,572.0,134.63,33.0,47,23.6,1.1,0.55,2.68,675.41,ok
PRJ-QM-001,2025-05-30,C,structure,512.34,110.77,27.0,45,23.6,1.1,0.55,2.68,578.65,ok
PRJ-QM-001,2025-05-31,A,structure,488.73,108.54,22.9,40,25.4,0.0,0.55,2.68,559.69,ok
PRJ-QM-001,2025-05-31,B,structure,405.63,102.02,17.7,30,25.4,0.0,0.55,2.68,496.51,ok
PRJ-QM-001,2025-05-31,C,structure,387.83,83.83,19.6,27,25.4,0.0,0.55,2.68,437.97,ok
PRJ-QM-001,2025-06-01,A,structure,354.09,83.97,12.2,21,25.4,0.0,0.55,2.68,419.79,ok
PRJ-QM-001,2025-06-01,B,structure,300.82,66.1,10.0,17,25.4,0.0,0.55,2.68,342.6,ok
PRJ-QM-001,2025-06-01,C,structure,300.57,67.53,12.3,18,25.4,0.0,0.55,2.68,346.29,ok
PRJ-QM-001,2025-06-02,A,structure,591.7,128.75,25.4,51,25.5,15.3,0.55,2.68,670.49,ok
PRJ-QM-001,2025-06-02,B,structure,506.93,114.39,19.0,33,25.5,15.3,0.55,2.68,585.38,ok
PRJ-QM-001,2025-06-02,C,structure,475.34,96.3,19.0,39,25.5,15.3,0.55,2.68,519.52,ok
PRJ-QM-001,2025-06-03,A,structure,667.8,140.0,33.5,61,25.6,0.0,0.55,2.68,742.49,ok
PRJ-QM-001,2025-06-03,B,structure,501.33,124.71,25.5,51,25.6,0.0,0.55,2.68,609.95,ok
PRJ-QM-001,2025-06-03,C,structure,475.18,89.42,19.2,40,25.6,0.0,0.55,2.68,500.99,ok
PRJ-QM-001,2025-06-04,A,structure,650.12,151.65,34.0,53,25.9,0.0,0.55,2.68,763.99,ok
PRJ-QM-001,2025-06-04,B,structure,600.51,142.0,28.8,58,25.9,0.0,0.55,2.68,710.84,ok
PRJ-QM-001,2025-06-04,C,structure,586.27,115.05,33.4,48,25.9,0.0,0.55,2.68,630.78,ok
PRJ-QM-001,2025-06-05,A,structure,668.64,139.37,32.3,59,25.5,0.0,0.55,2.68,741.26,ok
PRJ-QM-001,2025-06-05,B,structure,527.83,110.65,24.8,46,25.5,0.0,0.55,2.68,586.85,ok
PRJ-QM-001,2025-06-05,C,structure,531.62,125.84,30.8,48,25.5,0.0,0.55,2.68,629.64,ok
PRJ-QM-001,2025-06-06,A,structure,671.02,160.47,34.5,53,27.2,0.0,0.55,2.68,799.12,ok
PRJ-QM-001,2025-06-06,B,structure,548.42,122.33,26.2,52,27.2,0.0,0.55,2.68,629.48,ok
PRJ-QM-001,2025-06-06,C,structure,491.43,114.32,25.7,48,27.2,0.0,0.55,2.68,576.66,ok
PRJ-QM-001,2025-06-07,A,structure,564.66,136.93,27.0,45,26.0,0.0,0.55,2.68,677.54,ok
PRJ-QM-001,2025-06-07,B,structure,461.3,100.52,18.1,34,26.0,0.0,0.55,2.68,523.11,ok
PRJ-QM-001,2025-06-07,C,structure,107.73,94.61,19.8,36,26.0,0.0,0.55,2.68,312.81,ok
PRJ-QM-001,2025-06-08,A,structure,359.73,96.87,13.2,25,27.5,0.0,0.55,2.68,457.46,ok
PRJ-QM-001,2025-06-08,B,structure,372.01,68.33,15.1,23,27.5,0.0,0.55,2.68,387.73,ok
PRJ-QM-001,2025-06-08,C,structure,303.3,85.53,12.4,15,27.5,0.0,0.55,2.68,396.04,ok
PRJ-QM-001,2025-06-09,A,structure,618.59,138.89,30.5,57,26.7,0.0,0.55,2.68,712.45,ok
PRJ-QM-001,2025-06-09,B,structure,518.2,116.96,27.3,53,26.7,0.0,0.55,2.68,598.46,ok
PRJ-QM-001,2025-06-09,C,structure,566.55,126.02,29.8,48,26.7,0.0,0.55,2.68,649.34,ok
PRJ-QM-001,2025-06-10,A,structure,621.3,150.45,31.1,57,25.5,0.0,0.55,2.68,744.92,ok
PRJ-QM-001,2025-06-10,B,structure,550.39,116.42,23.6,45,25.5,0.0,0.55,2.68,614.72,ok
PRJ-QM-001,2025-06-10,C,structure,498.84,103.84,22.3,52,25.5,0.0,0.55,2.68,552.65,ok
PRJ-QM-001,2025-06-11,A,structure,564.37,136.89,25.1,53,25.2,0.0,0.55,2.68,677.27,ok
PRJ-QM-001,2025-06-11,B,structure,462.5,106.8,25.6,35,25.2,0.0,0.55,2.68,540.6,ok
PRJ-QM-001,2025-06-11,C,structure,470.24,102.82,21.4,38,25.2,0.0,0.55,2.68,534.19,ok
PRJ-QM-001,2025-06-12,A,structure,675.16,144.07,33.1,57,25.2,6.1,0.55,2.68,757.45,ok
PRJ-QM-001,2025-06-12,B,structure,640.66,149.53,33.1,47,25.2,6.1,0.55,2.68,753.1,ok
PRJ-QM-001,2025-06-12,C,structure,456.83,110.44,22.7,40,25.2,6.1,0.55,2.68,547.24,ok
PRJ-QM-001,2025-06-13,A,structure,619.06,145.72,30.1,52,24.3,8.0,0.55,2.68,731.01,ok
PRJ-QM-001,2025-06-13,B,structure,478.63,114.43,23.4,45,24.3,8.0,0.55,2.68,569.92,ok
PRJ-QM-001,2025-06-13,C,structure,415.03,111.65,20.9,44,24.3,8.0,0.55,2.68,527.49,ok
PRJ-QM-001,2025-06-14,A,structure,546.83,114.0,24.5,37,23.8,0.0,0.55,2.68,606.28,ok
PRJ-QM-001,2025-06-14,B,structure,492.44,107.95,19.4,32,23.8,0.0,0.55,2.68,560.15,ok
PRJ-QM-001,2025-06-14,C,structure,427.43,94.31,18.3,37,23.8,0.0,0.55,2.68,487.84,ok
PRJ-QM-001,2025-06-15,A,structure,348.72,94.52,13.1,27,25.7,0.0,0.55,2.68,445.11,ok
PRJ-QM-001,2025-06-15,B,structure,318.58,46.26,8.3,22,25.7,0.0,0.55,2.68,299.2,ok
PRJ-QM-001,2025-06-15,C,structure,302.66,46.74,10.3,22,25.7,0.0,0.55,2.68,291.73,ok
PRJ-QM-001,2025-06-16,A,structure,663.94,162.3,36.0,62,24.1,0.0,0.55,2.68,800.13,ok
PRJ-QM-001,2025-06-16,B,structure,560.41,136.07,27.7,55,24.1,0.0,0.55,2.68,672.89,ok
PRJ-QM-001,2025-06-16,C,structure,576.06,136.06,31.1,50,24.1,0.0,0.55,2.68,681.47,ok
PRJ-QM-001,2025-06-17,A,structure,647.92,158.4,35.5,61,23.9,0.0,0.55,2.68,780.87,ok
PRJ-QM-001,2025-06-17,B,structure,551.25,132.03,29.4,59,23.9,0.0,0.55,2.68,657.03,ok
PRJ-QM-001,2025-06-17,C,structure,516.24,121.05,28.4,44,23.9,0.0,0.55,2.68,608.35,ok
PRJ-QM-001,2025-06-18,A,structure,600.72,130.49,29.1,51,23.6,10.1,0.55,2.68,680.11,ok
PRJ-QM-001,2025-06-18,B,structure,549.82,113.63,21.3,49,23.6,10.1,0.55,2.68,606.93,ok
PRJ-QM-001,2025-06-18,C,structure,429.88,100.21,19.1,40,23.6,10.1,0.55,2.68,505.0,ok
PRJ-QM-001,2025-06-19,A,structure,650.05,136.51,33.9,58,24.7,1.3,0.55,2.68,723.37,ok
PRJ-QM-001,2025-06-19,B,structure,568.37,131.48,29.7,46,24.7,1.3,0.55,2.68,664.97,ok
PRJ-QM-001,2025-06-19,C,structure,571.03,122.22,26.2,46,24.7,1.3,0.55,2.68,641.62,ok
PRJ-QM-001,2025-06-20,A,structure,644.84,160.0,33.9,59,26.2,0.0,0.55,2.68,783.46,ok
PRJ-QM-001,2025-06-20,B,structure,557.98,124.72,28.8,46,26.2,0.0,0.55,2.68,641.14,ok
PRJ-QM-001,2025-06-20,C,structure,456.38,104.11,22.7,45,26.2,0.0,0.55,2.68,530.02,ok
PRJ-QM-001,2025-06-21,A,structure,604.76,136.46,30.4,43,27.5,0.0,0.55,2.68,698.33,ok
PRJ-QM-001,2025-06-21,B,structure,513.77,,19.7,36,27.5,0.0,0.55,2.68,,missing_diesel
PRJ-QM-001,2025-06-21,C,structure,478.22,102.3,20.0,34,27.5,0.0,0.55,2.68,537.18,ok
PRJ-QM-001,2025-06-22,A,structure,427.15,90.14,13.9,25,27.9,0.0,0.55,2.68,476.51,ok
PRJ-QM-001,2025-06-22,B,structure,303.9,74.25,10.7,18,27.9,0.0,0.55,2.68,366.13,ok
PRJ-QM-001,2025-06-22,C,structure,338.8,75.74,14.0,22,27.9,0.0,0.55,2.68,389.32,ok
PRJ-QM-001,2025-06-23,A,structure,693.12,157.22,33.5,65,28.5,0.0,0.55,2.68,802.57,ok
PRJ-QM-001,2025-06-23,B,structure,652.85,122.86,32.1,50,28.5,0.0,0.55,2.68,688.33,ok
PRJ-QM-001,2025-06-23,C,structure,630.86,123.54,31.6,55,28.5,0.0,0.55,2.68,678.06,ok
PRJ-QM-001,2025-06-24,A,structure,719.64,161.49,37.9,60,28.5,0.0,0.55,2.68,828.6,ok
PRJ-QM-001,2025-06-24,B,structure,627.0,138.52,29.6,55,28.5,0.0,0.55,2.68,716.08,ok
PRJ-QM-001,2025-06-24,C,structure,589.12,119.24,26.6,45,28.5,0.0,0.55,2.68,643.58,ok
PRJ-QM-001,2025-06-25,A,structure,724.01,170.8,36.6,62,27.1,0.0,0.55,2.68,855.95,ok
PRJ-QM-001,2025-06-25,B,structure,601.52,135.6,31.9,54,27.1,0.0,0.55,2.68,694.24,ok
PRJ-QM-001,2025-06-25,C,structure,498.84,133.34,28.4,42,27.1,0.0,0.55,2.68,631.71,ok
PRJ-QM-001,2025-06-26,A,structure,719.3,162.56,38.0,60,28.0,0.0,0.55,2.68,831.28,ok
PRJ-QM-001,2025-06-26,B,structure,658.96,150.61,32.5,60,28.0,0.0,0.55,2.68,766.06,ok
PRJ-QM-001,2025-06-26,C,structure,597.44,125.93,30.9,50,28.0,0.0,0.55,2.68,666.08,ok
PRJ-QM-001,2025-06-27,A,structure,592.88,150.3,30.4,56,26.6,0.0,0.55,2.68,728.89,ok
PRJ-QM-001,2025-06-27,B,structure,593.93,143.93,31.5,50,26.6,0.0,0.55,2.68,712.39,ok
PRJ-QM-001,2025-06-27,C,structure,497.76,111.93,26.6,49,26.6,0.0,0.55,2.68,573.74,ok
PRJ-QM-001,2025-06-28,A,structure,527.27,108.56,23.3,40,26.6,0.0,0.55,2.68,580.94,ok
PRJ-QM-001,2025-06-28,B,structure,456.94,107.01,21.0,39,26.6,0.0,0.55,2.68,538.1,ok
PRJ-QM-001,2025-06-28,C,structure,439.43,91.62,23.0,36,26.6,0.0,0.55,2.68,487.23,ok
PRJ-QM-001,2025-06-29,A,structure,327.62,78.5,8.6,15,27.6,0.0,0.55,2.68,390.57,ok
PRJ-QM-001,2025-06-29,B,structure,318.4,75.46,10.2,21,27.6,0.0,0.55,2.68,377.35,ok
PRJ-QM-001,2025-06-29,C,structure,285.02,51.18,8.0,16,27.6,0.0,0.55,2.68,293.92,ok
PRJ-QM-001,2025-06-30,A,structure,616.54,143.18,31.0,55,29.6,0.0,0.55,2.68,722.82,ok
PRJ-QM-001,2025-06-30,B,structure,622.05,134.07,25.9,50,29.6,0.0,0.55,2.68,701.44,ok
PRJ-QM-001,2025-06-30,C,structure,582.83,115.09,29.7,46,29.6,0.0,0.55,2.68,629.0,ok
PRJ-QM-001,2025-07-01,A,enclosure_mep,638.55,70.3,23.7,63,27.0,0.2,0.55,2.68,539.61,ok
PRJ-QM-001,2025-07-01,B,enclosure_mep,650.37,83.41,25.3,54,27.0,0.2,0.55,2.68,581.24,ok
PRJ-QM-001,2025-07-01,C,enclosure_mep,530.89,60.39,17.1,44,27.0,0.2,0.55,2.68,453.83,ok
PRJ-QM-001,2025-07-02,A,enclosure_mep,613.96,15.7,22.4,64,26.5,13.4,0.55,2.68,379.75,ok
PRJ-QM-001,2025-07-02,B,enclosure_mep,618.18,76.83,22.4,64,26.5,13.4,0.55,2.68,545.9,ok
PRJ-QM-001,2025-07-02,C,enclosure_mep,530.19,83.95,23.0,50,26.5,13.4,0.55,2.68,516.59,ok
PRJ-QM-001,2025-07-03,A,enclosure_mep,649.97,91.23,26.1,59,24.7,0.0,0.55,2.68,601.98,ok
PRJ-QM-001,2025-07-03,B,enclosure_mep,581.77,76.24,21.3,58,24.7,0.0,0.55,2.68,524.3,ok
PRJ-QM-001,2025-07-03,C,enclosure_mep,565.63,67.06,21.6,47,24.7,0.0,0.55,2.68,490.82,ok
PRJ-QM-001,2025-07-04,A,enclosure_mep,601.19,73.68,20.3,49,28.5,0.0,0.55,2.68,528.12,ok
PRJ-QM-001,2025-07-04,B,enclosure_mep,527.29,74.48,18.4,43,28.5,0.0,0.55,2.68,489.62,ok
PRJ-QM-001,2025-07-04,C,enclosure_mep,492.12,51.59,14.7,42,28.5,0.0,0.55,2.68,408.93,ok
PRJ-QM-001,2025-07-05,A,enclosure_mep,575.66,81.0,17.5,45,29.0,3.4,0.55,2.68,533.69,ok
PRJ-QM-001,2025-07-05,B,enclosure_mep,473.33,58.79,12.8,33,29.0,3.4,0.55,2.68,417.89,ok
PRJ-QM-001,2025-07-05,C,enclosure_mep,485.0,50.87,14.0,28,29.0,3.4,0.55,2.68,403.08,ok
PRJ-QM-001,2025-07-06,A,enclosure_mep,456.18,48.47,9.6,20,28.7,13.8,0.55,2.68,380.8,ok
PRJ-QM-001,2025-07-06,B,enclosure_mep,398.72,45.12,10.2,20,28.7,13.8,0.55,2.68,340.22,ok
PRJ-QM-001,2025-07-06,C,enclosure_mep,322.62,38.39,5.9,17,28.7,13.8,0.55,2.68,280.33,ok
PRJ-QM-001,2025-07-07,A,enclosure_mep,657.71,75.57,17.0,60,29.2,28.3,0.55,2.68,564.27,ok
PRJ-QM-001,2025-07-07,B,enclosure_mep,583.86,63.93,17.7,48,29.2,28.3,0.55,2.68,492.46,ok
PRJ-QM-001,2025-07-07,C,enclosure_mep,554.57,50.52,17.9,49,29.2,28.3,0.55,2.68,440.41,ok
PRJ-QM-001,2025-07-08,A,enclosure_mep,777.98,89.75,28.3,72,28.1,0.0,0.55,2.68,668.42,ok
PRJ-QM-001,2025-07-08,B,enclosure_mep,585.86,95.14,23.6,54,28.1,0.0,0.55,2.68,577.2,ok
PRJ-QM-001,2025-07-08,C,enclosure_mep,581.12,78.05,18.3,61,28.1,0.0,0.55,2.68,528.79,ok
PRJ-QM-001,2025-07-09,A,enclosure_mep,645.82,64.88,20.8,63,29.0,0.0,0.55,2.68,529.08,ok
PRJ-QM-001,2025-07-09,B,enclosure_mep,578.09,87.82,20.5,54,29.0,0.0,0.55,2.68,553.31,ok
PRJ-QM-001,2025-07-09,C,enclosure_mep,483.12,51.73,19.6,46,29.0,0.0,0.55,2.68,404.35,ok
PRJ-QM-001,2025-07-10,A,enclosure_mep,697.92,90.25,25.8,72,28.9,0.0,0.55,2.68,625.73,ok
PRJ-QM-001,2025-07-10,B,enclosure_mep,671.68,84.09,25.7,58,28.9,0.0,0.55,2.68,594.79,ok
PRJ-QM-001,2025-07-10,C,enclosure_mep,556.01,67.09,17.9,48,28.9,0.0,0.55,2.68,485.61,ok
PRJ-QM-001,2025-07-11,A,enclosure_mep,754.91,100.36,28.6,68,29.4,2.7,0.55,2.68,684.17,ok
PRJ-QM-001,2025-07-11,B,enclosure_mep,596.92,89.18,21.7,64,29.4,2.7,0.55,2.68,567.31,ok
PRJ-QM-001,2025-07-11,C,enclosure_mep,549.79,85.11,21.3,52,29.4,2.7,0.55,2.68,530.48,ok
PRJ-QM-001,2025-07-12,A,enclosure_mep,588.49,83.67,18.2,48,25.9,0.0,0.55,2.68,547.91,ok
PRJ-QM-001,2025-07-12,B,enclosure_mep,471.14,44.97,17.7,45,25.9,0.0,0.55,2.68,379.65,ok
PRJ-QM-001,2025-07-12,C,enclosure_mep,472.63,58.22,15.6,40,25.9,0.0,0.55,2.68,415.98,ok
PRJ-QM-001,2025-07-13,A,enclosure_mep,426.57,43.14,10.9,32,30.3,9.4,0.55,2.68,350.23,ok
PRJ-QM-001,2025-07-13,B,enclosure_mep,396.59,62.17,7.5,27,30.3,9.4,0.55,2.68,384.74,ok
PRJ-QM-001,2025-07-13,C,enclosure_mep,397.3,43.15,8.3,24,30.3,9.4,0.55,2.68,334.16,ok
PRJ-QM-001,2025-07-14,A,enclosure_mep,740.56,100.66,29.1,71,27.2,0.0,0.55,2.68,677.08,ok
PRJ-QM-001,2025-07-14,B,enclosure_mep,607.1,79.94,20.1,60,27.2,0.0,0.55,2.68,548.14,ok
PRJ-QM-001,2025-07-14,C,enclosure_mep,589.0,75.45,23.3,59,27.2,0.0,0.55,2.68,526.16,ok
PRJ-QM-001,2025-07-15,A,enclosure_mep,793.69,91.96,28.3,75,29.0,17.5,0.55,2.68,682.98,ok
PRJ-QM-001,2025-07-15,B,enclosure_mep,632.78,81.19,19.8,59,29.0,17.5,0.55,2.68,565.62,ok
PRJ-QM-001,2025-07-15,C,enclosure_mep,592.87,74.56,17.2,47,29.0,17.5,0.55,2.68,525.9,ok
PRJ-QM-001,2025-07-16,A,enclosure_mep,689.24,106.98,26.7,62,29.6,10.3,0.55,2.68,665.79,ok
PRJ-QM-001,2025-07-16,B,enclosure_mep,650.72,90.01,22.2,52,29.6,10.3,0.55,2.68,599.12,ok
PRJ-QM-001,2025-07-16,C,enclosure_mep,537.52,71.75,18.1,52,29.6,10.3,0.55,2.68,487.93,ok
PRJ-QM-001,2025-07-17,A,enclosure_mep,715.6,85.0,29.6,72,28.5,0.0,0.55,2.68,621.38,ok
PRJ-QM-001,2025-07-17,B,enclosure_mep,634.22,64.25,20.9,60,28.5,0.0,0.55,2.68,521.01,ok
PRJ-QM-001,2025-07-17,C,enclosure_mep,547.64,78.03,23.1,57,28.5,0.0,0.55,2.68,510.32,ok
PRJ-QM-001,2025-07-18,A,enclosure_mep,737.69,87.11,30.2,71,27.9,0.0,0.55,2.68,639.18,ok
PRJ-QM-001,2025-07-18,B,enclosure_mep,662.96,70.58,21.3,63,27.9,0.0,0.55,2.68,553.78,ok
PRJ-QM-001,2025-07-18,C,enclosure_mep,573.32,72.28,19.9,55,27.9,0.0,0.55,2.68,509.04,ok
PRJ-QM-001,2025-07-19,A,enclosure_mep,556.04,75.75,17.3,42,29.5,0.0,0.55,2.68,508.83,ok
PRJ-QM-001,2025-07-19,B,enclosure_mep,495.94,40.75,13.5,45,29.5,0.0,0.55,2.68,381.98,ok
PRJ-QM-001,2025-07-19,C,enclosure_mep,,42.49,10.3,31,29.5,0.0,0.55,2.68,,missing_electricity
PRJ-QM-001,2025-07-20,A,enclosure_mep,437.45,46.81,9.2,25,26.6,0.0,0.55,2.68,366.05,ok
PRJ-QM-001,2025-07-20,B,enclosure_mep,379.09,55.85,10.6,29,26.6,0.0,0.55,2.68,358.18,ok
PRJ-QM-001,2025-07-20,C,enclosure_mep,296.18,42.5,5.7,19,26.6,0.0,0.55,2.68,276.8,ok
PRJ-QM-001,2025-07-21,A,enclosure_mep,667.16,91.6,22.0,66,26.5,10.4,0.55,2.68,612.43,ok
PRJ-QM-001,2025-07-21,B,enclosure_mep,626.85,77.78,22.0,61,26.5,10.4,0.55,2.68,553.22,ok
PRJ-QM-001,2025-07-21,C,enclosure_mep,570.78,65.72,17.8,53,26.5,10.4,0.55,2.68,490.06,ok
PRJ-QM-001,2025-07-22,A,enclosure_mep,721.42,96.42,29.3,77,26.2,0.0,0.55,2.68,655.19,ok
PRJ-QM-001,2025-07-22,B,enclosure_mep,637.05,92.92,26.8,60,26.2,0.0,0.55,2.68,599.4,ok
PRJ-QM-001,2025-07-22,C,enclosure_mep,516.18,68.31,18.2,49,26.2,0.0,0.55,2.68,466.97,ok
PRJ-QM-001,2025-07-23,A,enclosure_mep,690.68,101.52,25.7,59,28.8,0.0,0.55,2.68,651.95,ok
PRJ-QM-001,2025-07-23,B,enclosure_mep,609.4,86.69,19.4,57,28.8,0.0,0.55,2.68,567.5,ok
PRJ-QM-001,2025-07-23,C,enclosure_mep,515.69,67.31,17.7,42,28.8,0.0,0.55,2.68,464.02,ok
PRJ-QM-001,2025-07-24,A,enclosure_mep,643.11,82.37,24.6,63,27.0,0.0,0.55,2.68,574.46,ok
PRJ-QM-001,2025-07-24,B,enclosure_mep,641.21,78.89,26.5,61,27.0,0.0,0.55,2.68,564.09,ok
PRJ-QM-001,2025-07-24,C,enclosure_mep,497.86,61.8,20.6,49,27.0,0.0,0.55,2.68,439.45,ok
PRJ-QM-001,2025-07-25,A,enclosure_mep,610.07,78.59,24.5,64,27.3,0.0,0.55,2.68,546.16,ok
PRJ-QM-001,2025-07-25,B,enclosure_mep,635.8,79.79,25.6,56,27.3,0.0,0.55,2.68,563.53,ok
PRJ-QM-001,2025-07-25,C,enclosure_mep,541.74,67.72,20.7,53,27.3,0.0,0.55,2.68,479.45,ok
PRJ-QM-001,2025-07-26,A,enclosure_mep,491.39,65.13,14.7,37,26.1,0.0,0.55,2.68,444.81,ok
PRJ-QM-001,2025-07-26,B,enclosure_mep,468.22,59.07,14.0,44,26.1,0.0,0.55,2.68,415.83,ok
PRJ-QM-001,2025-07-26,C,enclosure_mep,361.26,48.71,15.1,26,26.1,0.0,0.55,2.68,329.24,ok
PRJ-QM-001,2025-07-27,A,enclosure_mep,366.55,41.72,12.0,24,25.8,0.0,0.55,2.68,313.41,ok
PRJ-QM-001,2025-07-27,B,enclosure_mep,393.65,52.79,12.6,25,25.8,0.0,0.55,2.68,357.98,ok
PRJ-QM-001,2025-07-27,C,enclosure_mep,278.05,39.89,8.9,23,25.8,0.0,0.55,2.68,259.83,ok
PRJ-QM-001,2025-07-28,A,enclosure_mep,750.33,95.79,27.4,70,26.1,0.0,0.55,2.68,669.4,ok
PRJ-QM-001,2025-07-28,B,enclosure_mep,583.89,71.96,21.6,56,26.1,0.0,0.55,2.68,513.99,ok
PRJ-QM-001,2025-07-28,C,enclosure_mep,541.04,57.82,20.6,52,26.1,0.0,0.55,2.68,452.53,ok
PRJ-QM-001,2025-07-29,A,enclosure_mep,643.38,105.24,23.5,68,25.3,11.2,0.55,2.68,635.9,ok
PRJ-QM-001,2025-07-29,B,enclosure_mep,628.78,73.09,24.2,64,25.3,11.2,0.55,2.68,541.71,ok
PRJ-QM-001,2025-07-29,C,enclosure_mep,591.97,75.38,24.1,60,25.3,11.2,0.55,2.68,527.6,ok
PRJ-QM-001,2025-07-30,A,enclosure_mep,643.37,79.02,22.7,56,26.7,0.0,0.55,2.68,565.63,ok
PRJ-QM-001,2025-07-30,B,enclosure_mep,554.84,85.26,20.4,53,26.7,0.0,0.55,2.68,533.66,ok
PRJ-QM-001,2025-07-30,C,enclosure_mep,510.65,63.55,16.7,46,26.7,0.0,0.55,2.68,451.17,ok
PRJ-QM-001,2025-07-31,A,enclosure_mep,699.42,78.5,25.8,72,23.9,0.0,0.55,2.68,595.06,ok
PRJ-QM-001,2025-07-31,B,enclosure_mep,565.6,83.29,21.8,66,23.9,0.0,0.55,2.68,534.3,ok
PRJ-QM-001,2025-07-31,C,enclosure_mep,532.92,74.07,22.9,53,23.9,0.0,0.55,2.68,491.61,ok
PRJ-QM-001,2025-08-01,A,enclosure_mep,667.94,85.66,25.1,62,25.5,0.0,0.55,2.68,596.94,ok
PRJ-QM-001,2025-08-01,B,enclosure_mep,1245.29,66.73,18.8,63,25.5,0.0,0.55,2.68,863.75,ok
PRJ-QM-001,2025-08-01,C,enclosure_mep,526.69,148.75,21.0,52,25.5,0.0,0.55,2.68,688.33,ok
PRJ-QM-001,2025-08-02,A,enclosure_mep,594.9,79.95,20.5,57,26.4,0.0,0.55,2.68,541.46,ok
PRJ-QM-001,2025-08-02,B,enclosure_mep,561.3,76.5,21.1,47,26.4,0.0,0.55,2.68,513.74,ok
PRJ-QM-001,2025-08-02,C,enclosure_mep,416.96,50.56,13.5,43,26.4,0.0,0.55,2.68,364.83,ok
PRJ-QM-001,2025-08-03,A,enclosure_mep,376.09,53.96,9.6,23,27.9,0.3,0.55,2.68,351.46,ok
PRJ-QM-001,2025-08-03,B,enclosure_mep,381.01,37.41,9.4,24,27.9,0.3,0.55,2.68,309.81,ok
PRJ-QM-001,2025-08-03,C,enclosure_mep,283.57,46.83,5.9,24,27.9,0.3,0.55,2.68,281.47,ok
PRJ-QM-001,2025-08-04,A,enclosure_mep,687.35,84.58,25.0,70,25.7,0.0,0.55,2.68,604.72,ok
PRJ-QM-001,2025-08-04,B,enclosure_mep,596.47,85.3,23.9,68,25.7,0.0,0.55,2.68,556.66,ok
PRJ-QM-001,2025-08-04,C,enclosure_mep,543.86,66.75,20.6,55,25.7,0.0,0.55,2.68,478.01,ok
PRJ-QM-001,2025-08-05,A,finishing_commissioning,536.55,46.61,16.3,48,26.8,0.0,0.55,2.68,420.02,ok
PRJ-QM-001,2025-08-05,B,finishing_commissioning,530.45,62.69,17.0,39,26.8,0.0,0.55,2.68,459.76,ok
PRJ-QM-001,2025-08-05,C,finishing_commissioning,433.32,33.22,11.7,43,26.8,0.0,0.55,2.68,327.36,ok
PRJ-QM-001,2025-08-06,A,finishing_commissioning,658.22,75.99,25.4,58,26.3,0.0,0.55,2.68,565.67,ok
PRJ-QM-001,2025-08-06,B,finishing_commissioning,554.71,44.12,16.2,44,26.3,0.0,0.55,2.68,423.33,ok
PRJ-QM-001,2025-08-06,C,finishing_commissioning,438.84,33.02,13.0,47,26.3,0.0,0.55,2.68,329.86,ok
PRJ-QM-001,2025-08-07,A,finishing_commissioning,569.57,43.14,14.8,44,28.1,0.0,0.55,2.68,428.88,ok
PRJ-QM-001,2025-08-07,B,finishing_commissioning,484.76,36.57,11.8,45,28.1,0.0,0.55,2.68,364.63,ok
PRJ-QM-001,2025-08-07,C,finishing_commissioning,383.44,31.23,11.5,35,28.1,0.0,0.55,2.68,294.59,ok
PRJ-QM-001,2025-08-08,A,finishing_commissioning,522.06,50.27,13.5,48,26.1,0.0,0.55,2.68,421.86,ok
PRJ-QM-001,2025-08-08,B,finishing_commissioning,479.51,43.34,15.9,36,26.1,0.0,0.55,2.68,379.88,ok
PRJ-QM-001,2025-08-08,C,finishing_commissioning,459.8,32.51,11.3,43,26.1,0.0,0.55,2.68,340.02,ok
PRJ-QM-001,2025-08-09,A,finishing_commissioning,477.91,36.89,10.3,38,25.9,0.0,0.55,2.68,361.72,ok
PRJ-QM-001,2025-08-09,B,finishing_commissioning,398.55,46.87,11.3,30,25.9,0.0,0.55,2.68,344.81,ok
PRJ-QM-001,2025-08-09,C,finishing_commissioning,390.78,35.84,9.9,22,25.9,0.0,0.55,2.68,310.98,ok
PRJ-QM-001,2025-08-10,A,finishing_commissioning,296.3,17.69,2.3,23,25.7,2.9,0.55,2.68,210.37,ok
PRJ-QM-001,2025-08-10,B,finishing_commissioning,295.33,23.49,2.9,18,25.7,2.9,0.55,2.68,225.38,ok
PRJ-QM-001,2025-08-10,C,finishing_commissioning,280.61,11.02,7.1,16,25.7,2.9,0.55,2.68,183.87,ok
PRJ-QM-001,2025-08-11,A,finishing_commissioning,604.85,50.53,16.2,55,27.1,0.0,0.55,2.68,468.09,ok
PRJ-QM-001,2025-08-11,B,finishing_commissioning,483.62,50.37,12.0,46,27.1,0.0,0.55,2.68,400.98,ok
PRJ-QM-001,2025-08-11,C,finishing_commissioning,379.67,36.47,10.2,38,27.1,0.0,0.55,2.68,306.56,ok
PRJ-QM-001,2025-08-12,A,finishing_commissioning,597.01,64.14,19.5,60,26.5,0.0,0.55,2.68,500.25,ok
PRJ-QM-001,2025-08-12,B,finishing_commissioning,532.42,44.92,16.4,54,26.5,0.0,0.55,2.68,413.22,ok
PRJ-QM-001,2025-08-12,C,finishing_commissioning,472.54,45.03,15.1,45,26.5,0.0,0.55,2.68,380.58,ok
PRJ-QM-001,2025-08-13,A,finishing_commissioning,645.94,68.38,19.9,55,29.7,9.2,0.55,2.68,538.53,ok
PRJ-QM-001,2025-08-13,B,finishing_commissioning,537.56,50.61,16.4,47,29.7,9.2,0.55,2.68,431.29,ok
PRJ-QM-001,2025-08-13,C,finishing_commissioning,491.05,45.37,13.9,49,29.7,9.2,0.55,2.68,391.67,ok
PRJ-QM-001,2025-08-14,A,finishing_commissioning,505.0,42.55,14.0,39,28.5,0.0,0.55,2.68,391.78,ok
PRJ-QM-001,2025-08-14,B,finishing_commissioning,492.27,35.66,11.9,43,28.5,0.0,0.55,2.68,366.32,ok
PRJ-QM-001,2025-08-14,C,finishing_commissioning,413.82,41.64,12.4,41,28.5,0.0,0.55,2.68,339.2,ok
PRJ-QM-001,2025-08-15,A,finishing_commissioning,585.45,51.02,16.8,52,26.1,0.0,0.55,2.68,458.73,ok
PRJ-QM-001,2025-08-15,B,finishing_commissioning,537.44,45.88,15.1,45,26.1,0.0,0.55,2.68,418.55,ok
PRJ-QM-001,2025-08-15,C,finishing_commissioning,443.14,30.17,10.2,36,26.1,0.0,0.55,2.68,324.58,ok
PRJ-QM-001,2025-08-16,A,finishing_commissioning,451.74,55.93,14.3,38,25.7,0.0,0.55,2.68,398.35,ok
PRJ-QM-001,2025-08-16,B,finishing_commissioning,377.85,50.15,11.2,30,25.7,0.0,0.55,2.68,342.22,ok
PRJ-QM-001,2025-08-16,C,finishing_commissioning,418.68,37.21,12.7,23,25.7,0.0,0.55,2.68,330.0,ok
PRJ-QM-001,2025-08-17,A,finishing_commissioning,429.18,46.48,6.9,25,26.2,0.0,0.55,2.68,360.62,ok
PRJ-QM-001,2025-08-17,B,finishing_commissioning,290.9,24.76,0.5,14,26.2,0.0,0.55,2.68,226.35,ok
PRJ-QM-001,2025-08-17,C,finishing_commissioning,257.33,24.9,2.5,17,26.2,0.0,0.55,2.68,208.26,ok
PRJ-QM-001,2025-08-18,A,finishing_commissioning,597.26,48.7,16.7,49,26.3,0.0,0.55,2.68,459.01,ok
PRJ-QM-001,2025-08-18,B,finishing_commissioning,462.89,38.64,13.5,43,26.3,0.0,0.55,2.68,358.14,ok
PRJ-QM-001,2025-08-18,C,finishing_commissioning,422.2,30.88,12.9,35,26.3,0.0,0.55,2.68,314.97,ok
PRJ-QM-001,2025-08-19,A,finishing_commissioning,560.9,49.04,15.3,55,24.7,19.2,0.55,2.68,439.92,ok
PRJ-QM-001,2025-08-19,B,finishing_commissioning,587.32,47.98,14.0,46,24.7,19.2,0.55,2.68,451.61,ok
PRJ-QM-001,2025-08-19,C,finishing_commissioning,477.13,30.87,14.7,43,24.7,19.2,0.55,2.68,345.15,ok
PRJ-QM-001,2025-08-20,A,finishing_commissioning,562.76,59.4,18.1,49,27.4,0.0,0.55,2.68,468.71,ok
PRJ-QM-001,2025-08-20,B,finishing_commissioning,524.12,47.59,15.1,44,27.4,0.0,0.55,2.68,415.81,ok
PRJ-QM-001,2025-08-20,C,finishing_commissioning,479.64,47.5,17.5,42,27.4,0.0,0.55,2.68,391.1,ok
PRJ-QM-001,2025-08-21,A,finishing_commissioning,609.99,,18.8,51,26.0,0.0,0.55,2.68,,missing_diesel
PRJ-QM-001,2025-08-21,B,finishing_commissioning,511.6,42.62,11.8,42,26.0,0.0,0.55,2.68,395.6,ok
PRJ-QM-001,2025-08-21,C,finishing_commissioning,456.95,36.7,12.5,41,26.0,0.0,0.55,2.68,349.68,ok
PRJ-QM-001,2025-08-22,A,finishing_commissioning,507.1,38.58,13.9,47,24.6,0.0,0.55,2.68,382.3,ok
PRJ-QM-001,2025-08-22,B,finishing_commissioning,453.91,46.59,13.3,41,24.6,0.0,0.55,2.68,374.51,ok
PRJ-QM-001,2025-08-22,C,finishing_commissioning,454.31,52.37,14.6,37,24.6,0.0,0.55,2.68,390.22,ok
PRJ-QM-001,2025-08-23,A,finishing_commissioning,462.33,38.82,14.8,36,24.4,0.0,0.55,2.68,358.32,ok
PRJ-QM-001,2025-08-23,B,finishing_commissioning,376.79,33.43,7.8,30,24.4,0.0,0.55,2.68,296.83,ok
PRJ-QM-001,2025-08-23,C,finishing_commissioning,421.2,25.85,11.3,32,24.4,0.0,0.55,2.68,300.94,ok
PRJ-QM-001,2025-08-24,A,finishing_commissioning,332.17,33.06,7.5,27,23.3,0.0,0.55,2.68,271.29,ok
PRJ-QM-001,2025-08-24,B,finishing_commissioning,329.56,34.54,8.8,23,23.3,0.0,0.55,2.68,273.83,ok
PRJ-QM-001,2025-08-24,C,finishing_commissioning,229.91,23.73,0.5,16,23.3,0.0,0.55,2.68,190.05,ok
PRJ-QM-001,2025-08-25,A,finishing_commissioning,551.99,36.98,15.4,48,24.4,0.0,0.55,2.68,402.7,ok
PRJ-QM-001,2025-08-25,B,finishing_commissioning,512.61,68.88,20.6,43,24.4,0.0,0.55,2.68,466.53,ok
PRJ-QM-001,2025-08-25,C,finishing_commissioning,423.16,56.51,14.9,44,24.4,0.0,0.55,2.68,384.18,ok
PRJ-QM-001,2025-08-26,A,finishing_commissioning,566.72,57.32,18.4,51,23.7,0.0,0.55,2.68,465.31,ok
PRJ-QM-001,2025-08-26,B,finishing_commissioning,511.63,48.63,17.9,49,23.7,0.0,0.55,2.68,411.72,ok
PRJ-QM-001,2025-08-26,C,finishing_commissioning,410.84,34.32,12.3,36,23.7,0.0,0.55,2.68,317.94,ok
PRJ-QM-001,2025-08-27,A,finishing_commissioning,552.15,36.79,15.3,61,23.4,5.7,0.55,2.68,402.28,ok
PRJ-QM-001,2025-08-27,B,finishing_commissioning,498.79,46.7,15.9,46,23.4,5.7,0.55,2.68,399.49,ok
PRJ-QM-001,2025-08-27,C,finishing_commissioning,437.5,53.68,15.0,43,23.4,5.7,0.55,2.68,384.49,ok
PRJ-QM-001,2025-08-28,A,finishing_commissioning,545.04,58.01,17.5,49,22.7,0.0,0.55,2.68,455.24,ok
PRJ-QM-001,2025-08-28,B,finishing_commissioning,489.13,61.36,16.3,45,22.7,0.0,0.55,2.68,433.47,ok
PRJ-QM-001,2025-08-28,C,finishing_commissioning,447.36,44.31,15.9,39,22.7,0.0,0.55,2.68,364.8,ok
PRJ-QM-001,2025-08-29,A,finishing_commissioning,512.5,69.86,16.6,53,24.0,0.0,0.55,2.68,469.1,ok
PRJ-QM-001,2025-08-29,B,finishing_commissioning,467.69,39.35,13.6,42,24.0,0.0,0.55,2.68,362.69,ok
PRJ-QM-001,2025-08-29,C,finishing_commissioning,397.26,28.92,13.8,37,24.0,0.0,0.55,2.68,296.0,ok
